time,node_0_dx,node_0_dz,node_1_dx,node_1_dz,node_2_dx,node_2_dz,node_3_dx,node_3_dz,node_4_dx,node_4_dz,node_5_dx,node_5_dz,node_6_dx,node_6_dz,node_7_dx,node_7_dz,node_8_dx,node_8_dz,node_9_dx,node_9_dz,node_10_dx,node_10_dz,node_11_dx,node_11_dz,node_12_dx,node_12_dz,node_13_dx,node_13_dz,node_14_dx,node_14_dz,node_15_dx,node_15_dz,node_16_dx,node_16_dy,node_16_dz
0.0,0.0,0.0,0.0,0.02,0.0,0.04,0.0,0.06,0.0,0.0,0.0,0.02,0.0,0.04,0.0,0.06,0.0,0.0,0.0,0.02,0.0,0.04,0.0,0.06,0.0,0.0,0.0,0.02,0.0,0.04,0.0,0.06,0.0,0.0,0.06
0.01,0.0,0.0,0.0025066647,0.019842293,0.0050133294,0.039684586,0.007519994,0.059526883,0.0,0.0,0.0025066647,0.019842293,0.0050133294,0.039684586,0.007519994,0.059526883,0.0,0.0,0.0025066647,0.019842293,0.0050133294,0.039684586,0.007519994,0.059526883,0.0,0.0,0.0025066647,0.019842293,0.0050133294,0.039684586,0.007519994,0.059526883,0.007519994,0.012533324,0.059526883
0.02,0.0,0.0,0.004973798,0.019371662,0.009947596,0.038743325,0.014921394,0.058114987,0.0,0.0,0.004973798,0.019371662,0.009947596,0.038743325,0.014921394,0.058114987,0.0,0.0,0.004973798,0.019371662,0.009947596,0.038743325,0.014921394,0.058114987,0.0,0.0,0.004973798,0.019371662,0.009947596,0.038743325,0.014921394,0.058114987,0.014921394,0.024868991,0.058114987
0.03,0.0,0.0,0.0073624905,0.01859553,0.014724981,0.03719106,0.022087472,0.055786587,0.0,0.0,0.0073624905,0.01859553,0.014724981,0.03719106,0.022087472,0.055786587,0.0,0.0,0.0073624905,0.01859553,0.014724981,0.03719106,0.022087472,0.055786587,0.0,0.0,0.0073624905,0.01859553,0.014724981,0.03719106,0.022087472,0.055786587,0.022087472,0.036812454,0.055786587
0.04,0.0,0.0,0.009635074,0.017526133,0.019270148,0.035052266,0.028905222,0.052578397,0.0,0.0,0.009635074,0.017526133,0.019270148,0.035052266,0.028905222,0.052578397,0.0,0.0,0.009635074,0.017526133,0.019270148,0.035052266,0.028905222,0.052578397,0.0,0.0,0.009635074,0.017526133,0.019270148,0.035052266,0.028905222,0.052578397,0.028905222,0.048175372,0.052578397
0.049999997,0.0,0.0,0.011755705,0.01618034,0.02351141,0.03236068,0.035267115,0.04854102,0.0,0.0,0.011755705,0.01618034,0.02351141,0.03236068,0.035267115,0.04854102,0.0,0.0,0.011755705,0.01618034,0.02351141,0.03236068,0.035267115,0.04854102,0.0,0.0,0.011755705,0.01618034,0.02351141,0.03236068,0.035267115,0.04854102,0.035267115,0.058778524,0.04854102
0.06,0.0,0.0,0.013690942,0.0145793725,0.027381884,0.029158745,0.041072827,0.043738116,0.0,0.0,0.013690942,0.0145793725,0.027381884,0.029158745,0.041072827,0.043738116,0.0,0.0,0.013690942,0.0145793725,0.027381884,0.029158745,0.041072827,0.043738116,0.0,0.0,0.013690942,0.0145793725,0.027381884,0.029158745,0.041072827,0.043738116,0.041072827,0.06845471,0.043738116
0.07,0.0,0.0,0.015410264,0.01274848,0.030820528,0.02549696,0.046230793,0.03824544,0.0,0.0,0.015410264,0.01274848,0.030820528,0.02549696,0.046230793,0.03824544,0.0,0.0,0.015410264,0.01274848,0.030820528,0.02549696,0.046230793,0.03824544,0.0,0.0,0.015410264,0.01274848,0.030820528,0.02549696,0.046230793,0.03824544,0.046230793,0.07705133,0.03824544
0.08,0.0,0.0,0.016886558,0.010716534,0.033773117,0.021433068,0.050659675,0.032149605,0.0,0.0,0.016886558,0.010716534,0.033773117,0.021433068,0.050659675,0.032149605,0.0,0.0,0.016886558,0.010716534,0.033773117,0.021433068,0.050659675,0.032149605,0.0,0.0,0.016886558,0.010716534,0.033773117,0.021433068,0.050659675,0.032149605,0.050659675,0.084432796,0.032149605
0.089999996,0.0,0.0,0.01809654,0.008515586,0.03619308,0.017031172,0.054289624,0.025546758,0.0,0.0,0.01809654,0.008515586,0.03619308,0.017031172,0.054289624,0.025546758,0.0,0.0,0.01809654,0.008515586,0.03619308,0.017031172,0.054289624,0.025546758,0.0,0.0,0.01809654,0.008515586,0.03619308,0.017031172,0.054289624,0.025546758,0.054289624,0.090482704,0.025546758
0.099999994,0.0,0.0,0.01902113,0.006180341,0.03804226,0.012360682,0.057063386,0.018541023,0.0,0.0,0.01902113,0.006180341,0.03804226,0.012360682,0.057063386,0.018541023,0.0,0.0,0.01902113,0.006180341,0.03804226,0.012360682,0.057063386,0.018541023,0.0,0.0,0.01902113,0.006180341,0.03804226,0.012360682,0.057063386,0.018541023,0.057063386,0.09510565,0.018541023
0.11,0.0,0.0,0.019645745,0.0037476243,0.03929149,0.0074952487,0.058937237,0.011242873,0.0,0.0,0.019645745,0.0037476243,0.03929149,0.0074952487,0.058937237,0.011242873,0.0,0.0,0.019645745,0.0037476243,0.03929149,0.0074952487,0.058937237,0.011242873,0.0,0.0,0.019645745,0.0037476243,0.03929149,0.0074952487,0.058937237,0.011242873,0.058937237,0.09822873,0.011242873
0.12,0.0,0.0,0.019960534,0.0012558099,0.039921068,0.0025116198,0.0598816,0.0037674299,0.0,0.0,0.019960534,0.0012558099,0.039921068,0.0025116198,0.0598816,0.0037674299,0.0,0.0,0.019960534,0.0012558099,0.039921068,0.0025116198,0.0598816,0.0037674299,0.0,0.0,0.019960534,0.0012558099,0.039921068,0.0025116198,0.0598816,0.0037674299,0.0598816,0.09980267,0.0037674299
0.13,0.0,-0.0,0.019960534,-0.0012558093,0.039921068,-0.0025116187,0.0598816,-0.003767428,0.0,-0.0,0.019960534,-0.0012558093,0.039921068,-0.0025116187,0.0598816,-0.003767428,0.0,-0.0,0.019960534,-0.0012558093,0.039921068,-0.0025116187,0.0598816,-0.003767428,0.0,-0.0,0.019960534,-0.0012558093,0.039921068,-0.0025116187,0.0598816,-0.003767428,0.0598816,0.09980267,-0.003767428
0.14,0.0,-0.0,0.019645745,-0.0037476262,0.03929149,-0.0074952524,0.058937233,-0.011242879,0.0,-0.0,0.019645745,-0.0037476262,0.03929149,-0.0074952524,0.058937233,-0.011242879,0.0,-0.0,0.019645745,-0.0037476262,0.03929149,-0.0074952524,0.058937233,-0.011242879,0.0,-0.0,0.019645745,-0.0037476262,0.03929149,-0.0074952524,0.058937233,-0.011242879,0.058937233,0.09822872,-0.011242879
0.14999999,0.0,-0.0,0.019021131,-0.0061803386,0.038042262,-0.012360677,0.05706339,-0.018541016,0.0,-0.0,0.019021131,-0.0061803386,0.038042262,-0.012360677,0.05706339,-0.018541016,0.0,-0.0,0.019021131,-0.0061803386,0.038042262,-0.012360677,0.05706339,-0.018541016,0.0,-0.0,0.019021131,-0.0061803386,0.038042262,-0.012360677,0.05706339,-0.018541016,0.05706339,0.095105655,-0.018541016
0.16,0.0,-0.0,0.01809654,-0.008515587,0.03619308,-0.017031174,0.05428962,-0.025546761,0.0,-0.0,0.01809654,-0.008515587,0.03619308,-0.017031174,0.05428962,-0.025546761,0.0,-0.0,0.01809654,-0.008515587,0.03619308,-0.017031174,0.05428962,-0.025546761,0.0,-0.0,0.01809654,-0.008515587,0.03619308,-0.017031174,0.05428962,-0.025546761,0.05428962,0.090482704,-0.025546761
0.17,0.0,-0.0,0.016886557,-0.010716538,0.033773113,-0.021433076,0.05065967,-0.032149613,0.0,-0.0,0.016886557,-0.010716538,0.033773113,-0.021433076,0.05065967,-0.032149613,0.0,-0.0,0.016886557,-0.010716538,0.033773113,-0.021433076,0.05065967,-0.032149613,0.0,-0.0,0.016886557,-0.010716538,0.033773113,-0.021433076,0.05065967,-0.032149613,0.05065967,0.08443279,-0.032149613
0.17999999,0.0,-0.0,0.015410264,-0.01274848,0.030820528,-0.02549696,0.046230793,-0.03824544,0.0,-0.0,0.015410264,-0.01274848,0.030820528,-0.02549696,0.046230793,-0.03824544,0.0,-0.0,0.015410264,-0.01274848,0.030820528,-0.02549696,0.046230793,-0.03824544,0.0,-0.0,0.015410264,-0.01274848,0.030820528,-0.02549696,0.046230793,-0.03824544,0.046230793,0.07705133,-0.03824544
0.19,0.0,-0.0,0.013690941,-0.0145793725,0.027381882,-0.029158745,0.041072823,-0.043738116,0.0,-0.0,0.013690941,-0.0145793725,0.027381882,-0.029158745,0.041072823,-0.043738116,0.0,-0.0,0.013690941,-0.0145793725,0.027381882,-0.029158745,0.041072823,-0.043738116,0.0,-0.0,0.013690941,-0.0145793725,0.027381882,-0.029158745,0.041072823,-0.043738116,0.041072823,0.068454705,-0.043738116
0.19999999,0.0,-0.0,0.011755707,-0.016180336,0.023511413,-0.032360673,0.035267122,-0.048541013,0.0,-0.0,0.011755707,-0.016180336,0.023511413,-0.032360673,0.035267122,-0.048541013,0.0,-0.0,0.011755707,-0.016180336,0.023511413,-0.032360673,0.035267122,-0.048541013,0.0,-0.0,0.011755707,-0.016180336,0.023511413,-0.032360673,0.035267122,-0.048541013,0.035267122,0.058778536,-0.048541013
0.21,0.0,-0.0,0.009635075,-0.017526133,0.01927015,-0.035052266,0.028905226,-0.052578397,0.0,-0.0,0.009635075,-0.017526133,0.01927015,-0.035052266,0.028905226,-0.052578397,0.0,-0.0,0.009635075,-0.017526133,0.01927015,-0.035052266,0.028905226,-0.052578397,0.0,-0.0,0.009635075,-0.017526133,0.01927015,-0.035052266,0.028905226,-0.052578397,0.028905226,0.048175376,-0.052578397
0.22,0.0,-0.0,0.0073624877,-0.01859553,0.014724975,-0.03719106,0.022087464,-0.05578659,0.0,-0.0,0.0073624877,-0.01859553,0.014724975,-0.03719106,0.022087464,-0.05578659,0.0,-0.0,0.0073624877,-0.01859553,0.014724975,-0.03719106,0.022087464,-0.05578659,0.0,-0.0,0.0073624877,-0.01859553,0.014724975,-0.03719106,0.022087464,-0.05578659,0.022087464,0.03681244,-0.05578659
0.22999999,0.0,-0.0,0.004973798,-0.019371662,0.009947596,-0.038743325,0.014921394,-0.058114987,0.0,-0.0,0.004973798,-0.019371662,0.009947596,-0.038743325,0.014921394,-0.058114987,0.0,-0.0,0.004973798,-0.019371662,0.009947596,-0.038743325,0.014921394,-0.058114987,0.0,-0.0,0.004973798,-0.019371662,0.009947596,-0.038743325,0.014921394,-0.058114987,0.014921394,0.024868991,-0.058114987
0.24,0.0,-0.0,0.002506664,-0.019842293,0.005013328,-0.039684586,0.007519992,-0.059526883,0.0,-0.0,0.002506664,-0.019842293,0.005013328,-0.039684586,0.007519992,-0.059526883,0.0,-0.0,0.002506664,-0.019842293,0.005013328,-0.039684586,0.007519992,-0.059526883,0.0,-0.0,0.002506664,-0.019842293,0.005013328,-0.039684586,0.007519992,-0.059526883,0.007519992,0.012533321,-0.059526883
0.25,-0.0,-0.0,-1.7484555e-09,-0.02,-3.496911e-09,-0.04,-5.2453664e-09,-0.06,-0.0,-0.0,-1.7484555e-09,-0.02,-3.496911e-09,-0.04,-5.2453664e-09,-0.06,-0.0,-0.0,-1.7484555e-09,-0.02,-3.496911e-09,-0.04,-5.2453664e-09,-0.06,-0.0,-0.0,-1.7484555e-09,-0.02,-3.496911e-09,-0.04,-5.2453664e-09,-0.06,-5.2453664e-09,-8.742278e-09,-0.06
0.26,-0.0,-0.0,-0.0025066626,-0.019842293,-0.0050133253,-0.039684586,-0.007519988,-0.059526883,-0.0,-0.0,-0.0025066626,-0.019842293,-0.0050133253,-0.039684586,-0.007519988,-0.059526883,-0.0,-0.0,-0.0025066626,-0.019842293,-0.0050133253,-0.039684586,-0.007519988,-0.059526883,-0.0,-0.0,-0.0025066626,-0.019842293,-0.0050133253,-0.039684586,-0.007519988,-0.059526883,-0.007519988,-0.012533314,-0.059526883
0.26999998,-0.0,-0.0,-0.0049737967,-0.019371662,-0.009947593,-0.038743325,-0.01492139,-0.058114987,-0.0,-0.0,-0.0049737967,-0.019371662,-0.009947593,-0.038743325,-0.01492139,-0.058114987,-0.0,-0.0,-0.0049737967,-0.019371662,-0.009947593,-0.038743325,-0.01492139,-0.058114987,-0.0,-0.0,-0.0049737967,-0.019371662,-0.009947593,-0.038743325,-0.01492139,-0.058114987,-0.01492139,-0.024868986,-0.058114987
0.28,-0.0,-0.0,-0.0073624905,-0.01859553,-0.014724981,-0.03719106,-0.022087472,-0.055786587,-0.0,-0.0,-0.0073624905,-0.01859553,-0.014724981,-0.03719106,-0.022087472,-0.055786587,-0.0,-0.0,-0.0073624905,-0.01859553,-0.014724981,-0.03719106,-0.022087472,-0.055786587,-0.0,-0.0,-0.0073624905,-0.01859553,-0.014724981,-0.03719106,-0.022087472,-0.055786587,-0.022087472,-0.036812454,-0.055786587
0.29,-0.0,-0.0,-0.009635074,-0.017526133,-0.019270148,-0.035052266,-0.028905222,-0.052578397,-0.0,-0.0,-0.009635074,-0.017526133,-0.019270148,-0.035052266,-0.028905222,-0.052578397,-0.0,-0.0,-0.009635074,-0.017526133,-0.019270148,-0.035052266,-0.028905222,-0.052578397,-0.0,-0.0,-0.009635074,-0.017526133,-0.019270148,-0.035052266,-0.028905222,-0.052578397,-0.028905222,-0.048175372,-0.052578397
0.29999998,-0.0,-0.0,-0.011755702,-0.01618034,-0.023511404,-0.03236068,-0.035267107,-0.048541024,-0.0,-0.0,-0.011755702,-0.01618034,-0.023511404,-0.03236068,-0.035267107,-0.048541024,-0.0,-0.0,-0.011755702,-0.01618034,-0.023511404,-0.03236068,-0.035267107,-0.048541024,-0.0,-0.0,-0.011755702,-0.01618034,-0.023511404,-0.03236068,-0.035267107,-0.048541024,-0.035267107,-0.058778513,-0.048541024
0.31,-0.0,-0.0,-0.013690945,-0.01457937,-0.02738189,-0.02915874,-0.041072834,-0.043738108,-0.0,-0.0,-0.013690945,-0.01457937,-0.02738189,-0.02915874,-0.041072834,-0.043738108,-0.0,-0.0,-0.013690945,-0.01457937,-0.02738189,-0.02915874,-0.041072834,-0.043738108,-0.0,-0.0,-0.013690945,-0.01457937,-0.02738189,-0.02915874,-0.041072834,-0.043738108,-0.041072834,-0.06845473,-0.043738108
0.32,-0.0,-0.0,-0.015410267,-0.012748476,-0.030820534,-0.025496952,-0.0462308,-0.03824543,-0.0,-0.0,-0.015410267,-0.012748476,-0.030820534,-0.025496952,-0.0462308,-0.03824543,-0.0,-0.0,-0.015410267,-0.012748476,-0.030820534,-0.025496952,-0.0462308,-0.03824543,-0.0,-0.0,-0.015410267,-0.012748476,-0.030820534,-0.025496952,-0.0462308,-0.03824543,-0.0462308,-0.077051334,-0.03824543
0.32999998,-0.0,-0.0,-0.016886557,-0.01071654,-0.033773113,-0.02143308,-0.050659668,-0.032149617,-0.0,-0.0,-0.016886557,-0.01071654,-0.033773113,-0.02143308,-0.050659668,-0.032149617,-0.0,-0.0,-0.016886557,-0.01071654,-0.033773113,-0.02143308,-0.050659668,-0.032149617,-0.0,-0.0,-0.016886557,-0.01071654,-0.033773113,-0.02143308,-0.050659668,-0.032149617,-0.050659668,-0.08443278,-0.032149617
0.34,-0.0,-0.0,-0.018096544,-0.008515581,-0.036193088,-0.017031161,-0.054289628,-0.02554674,-0.0,-0.0,-0.018096544,-0.008515581,-0.036193088,-0.017031161,-0.054289628,-0.02554674,-0.0,-0.0,-0.018096544,-0.008515581,-0.036193088,-0.017031161,-0.054289628,-0.02554674,-0.0,-0.0,-0.018096544,-0.008515581,-0.036193088,-0.017031161,-0.054289628,-0.02554674,-0.054289628,-0.09048272,-0.02554674
0.35,-0.0,-0.0,-0.01902113,-0.006180342,-0.03804226,-0.012360684,-0.057063386,-0.018541025,-0.0,-0.0,-0.01902113,-0.006180342,-0.03804226,-0.012360684,-0.057063386,-0.018541025,-0.0,-0.0,-0.01902113,-0.006180342,-0.03804226,-0.012360684,-0.057063386,-0.018541025,-0.0,-0.0,-0.01902113,-0.006180342,-0.03804226,-0.012360684,-0.057063386,-0.018541025,-0.057063386,-0.09510565,-0.018541025
0.35999998,-0.0,-0.0,-0.019645745,-0.0037476274,-0.03929149,-0.0074952547,-0.058937233,-0.011242882,-0.0,-0.0,-0.019645745,-0.0037476274,-0.03929149,-0.0074952547,-0.058937233,-0.011242882,-0.0,-0.0,-0.019645745,-0.0037476274,-0.03929149,-0.0074952547,-0.058937233,-0.011242882,-0.0,-0.0,-0.019645745,-0.0037476274,-0.03929149,-0.0074952547,-0.058937233,-0.011242882,-0.058937233,-0.09822872,-0.011242882
0.37,-0.0,-0.0,-0.019960534,-0.0012558107,-0.039921068,-0.0025116215,-0.0598816,-0.003767432,-0.0,-0.0,-0.019960534,-0.0012558107,-0.039921068,-0.0025116215,-0.0598816,-0.003767432,-0.0,-0.0,-0.019960534,-0.0012558107,-0.039921068,-0.0025116215,-0.0598816,-0.003767432,-0.0,-0.0,-0.019960534,-0.0012558107,-0.039921068,-0.0025116215,-0.0598816,-0.003767432,-0.0598816,-0.09980267,-0.003767432
0.38,-0.0,0.0,-0.019960534,0.0012558111,-0.039921068,0.0025116222,-0.0598816,0.0037674333,-0.0,0.0,-0.019960534,0.0012558111,-0.039921068,0.0025116222,-0.0598816,0.0037674333,-0.0,0.0,-0.019960534,0.0012558111,-0.039921068,0.0025116222,-0.0598816,0.0037674333,-0.0,0.0,-0.019960534,0.0012558111,-0.039921068,0.0025116222,-0.0598816,0.0037674333,-0.0598816,-0.09980267,0.0037674333
0.39,-0.0,0.0,-0.019645745,0.0037476278,-0.03929149,0.0074952557,-0.058937233,0.011242884,-0.0,0.0,-0.019645745,0.0037476278,-0.03929149,0.0074952557,-0.058937233,0.011242884,-0.0,0.0,-0.019645745,0.0037476278,-0.03929149,0.0074952557,-0.058937233,0.011242884,-0.0,0.0,-0.019645745,0.0037476278,-0.03929149,0.0074952557,-0.058937233,0.011242884,-0.058937233,-0.09822872,0.011242884
0.39999998,-0.0,0.0,-0.019021131,0.0061803334,-0.038042262,0.012360667,-0.057063393,0.018541,-0.0,0.0,-0.019021131,0.0061803334,-0.038042262,0.012360667,-0.057063393,0.018541,-0.0,0.0,-0.019021131,0.0061803334,-0.038042262,0.012360667,-0.057063393,0.018541,-0.0,0.0,-0.019021131,0.0061803334,-0.038042262,0.012360667,-0.057063393,0.018541,-0.057063393,-0.09510566,0.018541
0.41,-0.0,0.0,-0.01809654,0.008515589,-0.03619308,0.017031178,-0.05428962,0.025546767,-0.0,0.0,-0.01809654,0.008515589,-0.03619308,0.017031178,-0.05428962,0.025546767,-0.0,0.0,-0.01809654,0.008515589,-0.03619308,0.017031178,-0.05428962,0.025546767,-0.0,0.0,-0.01809654,0.008515589,-0.03619308,0.017031178,-0.05428962,0.025546767,-0.05428962,-0.090482704,0.025546767
0.42,-0.0,0.0,-0.01688656,0.010716532,-0.03377312,0.021433065,-0.050659683,0.032149598,-0.0,0.0,-0.01688656,0.010716532,-0.03377312,0.021433065,-0.050659683,0.032149598,-0.0,0.0,-0.01688656,0.010716532,-0.03377312,0.021433065,-0.050659683,0.032149598,-0.0,0.0,-0.01688656,0.010716532,-0.03377312,0.021433065,-0.050659683,0.032149598,-0.050659683,-0.0844328,0.032149598
0.42999998,-0.0,0.0,-0.015410267,0.012748477,-0.030820534,0.025496954,-0.0462308,0.038245432,-0.0,0.0,-0.015410267,0.012748477,-0.030820534,0.025496954,-0.0462308,0.038245432,-0.0,0.0,-0.015410267,0.012748477,-0.030820534,0.025496954,-0.0462308,0.038245432,-0.0,0.0,-0.015410267,0.012748477,-0.030820534,0.025496954,-0.0462308,0.038245432,-0.0462308,-0.077051334,0.038245432
0.44,-0.0,0.0,-0.013690936,0.014579377,-0.027381873,0.029158754,-0.04107281,0.04373813,-0.0,0.0,-0.013690936,0.014579377,-0.027381873,0.029158754,-0.04107281,0.04373813,-0.0,0.0,-0.013690936,0.014579377,-0.027381873,0.029158754,-0.04107281,0.04373813,-0.0,0.0,-0.013690936,0.014579377,-0.027381873,0.029158754,-0.04107281,0.04373813,-0.04107281,-0.06845468,0.04373813
0.45,-0.0,0.0,-0.011755706,0.016180338,-0.023511412,0.032360677,-0.03526712,0.048541017,-0.0,0.0,-0.011755706,0.016180338,-0.023511412,0.032360677,-0.03526712,0.048541017,-0.0,0.0,-0.011755706,0.016180338,-0.023511412,0.032360677,-0.03526712,0.048541017,-0.0,0.0,-0.011755706,0.016180338,-0.023511412,0.032360677,-0.03526712,0.048541017,-0.03526712,-0.05877853,0.048541017
0.45999998,-0.0,0.0,-0.009635074,0.017526133,-0.019270148,0.035052266,-0.028905222,0.052578397,-0.0,0.0,-0.009635074,0.017526133,-0.019270148,0.035052266,-0.028905222,0.052578397,-0.0,0.0,-0.009635074,0.017526133,-0.019270148,0.035052266,-0.028905222,0.052578397,-0.0,0.0,-0.009635074,0.017526133,-0.019270148,0.035052266,-0.028905222,0.052578397,-0.028905222,-0.048175372,0.052578397
0.47,-0.0,0.0,-0.0073624905,0.01859553,-0.014724981,0.03719106,-0.022087472,0.055786587,-0.0,0.0,-0.0073624905,0.01859553,-0.014724981,0.03719106,-0.022087472,0.055786587,-0.0,0.0,-0.0073624905,0.01859553,-0.014724981,0.03719106,-0.022087472,0.055786587,-0.0,0.0,-0.0073624905,0.01859553,-0.014724981,0.03719106,-0.022087472,0.055786587,-0.022087472,-0.036812454,0.055786587
0.48,-0.0,0.0,-0.004973796,0.019371662,-0.009947592,0.038743325,-0.014921389,0.058114987,-0.0,0.0,-0.004973796,0.019371662,-0.009947592,0.038743325,-0.014921389,0.058114987,-0.0,0.0,-0.004973796,0.019371662,-0.009947592,0.038743325,-0.014921389,0.058114987,-0.0,0.0,-0.004973796,0.019371662,-0.009947592,0.038743325,-0.014921389,0.058114987,-0.014921389,-0.024868982,0.058114987
0.48999998,-0.0,0.0,-0.0025066622,0.019842293,-0.0050133243,0.039684586,-0.007519987,0.059526883,-0.0,0.0,-0.0025066622,0.019842293,-0.0050133243,0.039684586,-0.007519987,0.059526883,-0.0,0.0,-0.0025066622,0.019842293,-0.0050133243,0.039684586,-0.007519987,0.059526883,-0.0,0.0,-0.0025066622,0.019842293,-0.0050133243,0.039684586,-0.007519987,0.059526883,-0.007519987,-0.012533312,0.059526883
0.5,0.0,0.0,3.496911e-09,0.02,6.993822e-09,0.04,1.0490733e-08,0.06,0.0,0.0,3.496911e-09,0.02,6.993822e-09,0.04,1.0490733e-08,0.06,0.0,0.0,3.496911e-09,0.02,6.993822e-09,0.04,1.0490733e-08,0.06,0.0,0.0,3.496911e-09,0.02,6.993822e-09,0.04,1.0490733e-08,0.06,1.0490733e-08,1.7484556e-08,0.06
0.51,0.0,0.0,0.0025066691,0.019842293,0.0050133383,0.039684586,0.0075200074,0.05952688,0.0,0.0,0.0025066691,0.019842293,0.0050133383,0.039684586,0.0075200074,0.05952688,0.0,0.0,0.0025066691,0.019842293,0.0050133383,0.039684586,0.0075200074,0.05952688,0.0,0.0,0.0025066691,0.019842293,0.0050133383,0.039684586,0.0075200074,0.05952688,0.0075200074,0.012533346,0.05952688
0.52,0.0,0.0,0.004973794,0.019371664,0.009947588,0.03874333,0.014921381,0.05811499,0.0,0.0,0.004973794,0.019371664,0.009947588,0.03874333,0.014921381,0.05811499,0.0,0.0,0.004973794,0.019371664,0.009947588,0.03874333,0.014921381,0.05811499,0.0,0.0,0.004973794,0.019371664,0.009947588,0.03874333,0.014921381,0.05811499,0.014921381,0.02486897,0.05811499
0.53,0.0,0.0,0.007362488,0.01859553,0.014724976,0.03719106,0.022087464,0.05578659,0.0,0.0,0.007362488,0.01859553,0.014724976,0.03719106,0.022087464,0.05578659,0.0,0.0,0.007362488,0.01859553,0.014724976,0.03719106,0.022087464,0.05578659,0.0,0.0,0.007362488,0.01859553,0.014724976,0.03719106,0.022087464,0.05578659,0.022087464,0.036812443,0.05578659
0.53999996,0.0,0.0,0.009635071,0.017526133,0.019270143,0.035052266,0.028905215,0.0525784,0.0,0.0,0.009635071,0.017526133,0.019270143,0.035052266,0.028905215,0.0525784,0.0,0.0,0.009635071,0.017526133,0.019270143,0.035052266,0.028905215,0.0525784,0.0,0.0,0.009635071,0.017526133,0.019270143,0.035052266,0.028905215,0.0525784,0.028905215,0.04817536,0.0525784
0.55,0.0,0.0,0.011755711,0.016180335,0.023511423,0.03236067,0.035267137,0.048541006,0.0,0.0,0.011755711,0.016180335,0.023511423,0.03236067,0.035267137,0.048541006,0.0,0.0,0.011755711,0.016180335,0.023511423,0.03236067,0.035267137,0.048541006,0.0,0.0,0.011755711,0.016180335,0.023511423,0.03236067,0.035267137,0.048541006,0.035267137,0.05877856,0.048541006
0.56,0.0,0.0,0.013690942,0.0145793725,0.027381884,0.029158745,0.041072827,0.043738116,0.0,0.0,0.013690942,0.0145793725,0.027381884,0.029158745,0.041072827,0.043738116,0.0,0.0,0.013690942,0.0145793725,0.027381884,0.029158745,0.041072827,0.043738116,0.0,0.0,0.013690942,0.0145793725,0.027381884,0.029158745,0.041072827,0.043738116,0.041072827,0.06845471,0.043738116
0.57,0.0,0.0,0.015410266,0.012748478,0.030820532,0.025496956,0.046230797,0.038245436,0.0,0.0,0.015410266,0.012748478,0.030820532,0.025496956,0.046230797,0.038245436,0.0,0.0,0.015410266,0.012748478,0.030820532,0.025496956,0.046230797,0.038245436,0.0,0.0,0.015410266,0.012748478,0.030820532,0.025496956,0.046230797,0.038245436,0.046230797,0.077051334,0.038245436
0.58,0.0,0.0,0.01688656,0.010716533,0.03377312,0.021433067,0.05065968,0.0321496,0.0,0.0,0.01688656,0.010716533,0.03377312,0.021433067,0.05065968,0.0321496,0.0,0.0,0.01688656,0.010716533,0.03377312,0.021433067,0.05065968,0.0321496,0.0,0.0,0.01688656,0.010716533,0.03377312,0.021433067,0.05065968,0.0321496,0.05065968,0.0844328,0.0321496
0.59,0.0,0.0,0.018096538,0.008515592,0.036193077,0.017031183,0.054289617,0.025546774,0.0,0.0,0.018096538,0.008515592,0.036193077,0.017031183,0.054289617,0.025546774,0.0,0.0,0.018096538,0.008515592,0.036193077,0.017031183,0.054289617,0.025546774,0.0,0.0,0.018096538,0.008515592,0.036193077,0.017031183,0.054289617,0.025546774,0.054289617,0.0904827,0.025546774
0.59999996,0.0,0.0,0.019021127,0.0061803446,0.038042255,0.012360689,0.057063382,0.018541034,0.0,0.0,0.019021127,0.0061803446,0.038042255,0.012360689,0.057063382,0.018541034,0.0,0.0,0.019021127,0.0061803446,0.038042255,0.012360689,0.057063382,0.018541034,0.0,0.0,0.019021127,0.0061803446,0.038042255,0.012360689,0.057063382,0.018541034,0.057063382,0.09510564,0.018541034
0.61,0.0,0.0,0.019645745,0.003747621,0.03929149,0.007495242,0.058937237,0.011242864,0.0,0.0,0.019645745,0.003747621,0.03929149,0.007495242,0.058937237,0.011242864,0.0,0.0,0.019645745,0.003747621,0.03929149,0.007495242,0.058937237,0.011242864,0.0,0.0,0.019645745,0.003747621,0.03929149,0.007495242,0.058937237,0.011242864,0.058937237,0.09822873,0.011242864
0.62,0.0,0.0,0.019960534,0.0012558041,0.039921068,0.0025116082,0.0598816,0.0037674124,0.0,0.0,0.019960534,0.0012558041,0.039921068,0.0025116082,0.0598816,0.0037674124,0.0,0.0,0.019960534,0.0012558041,0.039921068,0.0025116082,0.0598816,0.0037674124,0.0,0.0,0.019960534,0.0012558041,0.039921068,0.0025116082,0.0598816,0.0037674124,0.0598816,0.09980267,0.0037674124
0.63,0.0,-0.0,0.019960534,-0.0012558177,0.039921068,-0.0025116354,0.0598816,-0.0037674531,0.0,-0.0,0.019960534,-0.0012558177,0.039921068,-0.0025116354,0.0598816,-0.0037674531,0.0,-0.0,0.019960534,-0.0012558177,0.039921068,-0.0025116354,0.0598816,-0.0037674531,0.0,-0.0,0.019960534,-0.0012558177,0.039921068,-0.0025116354,0.0598816,-0.0037674531,0.0598816,0.09980267,-0.0037674531
0.64,0.0,-0.0,0.019645743,-0.0037476341,0.039291486,-0.0074952682,0.05893723,-0.011242903,0.0,-0.0,0.019645743,-0.0037476341,0.039291486,-0.0074952682,0.05893723,-0.011242903,0.0,-0.0,0.019645743,-0.0037476341,0.039291486,-0.0074952682,0.05893723,-0.011242903,0.0,-0.0,0.019645743,-0.0037476341,0.039291486,-0.0074952682,0.05893723,-0.011242903,0.05893723,0.098228715,-0.011242903
0.65,0.0,-0.0,0.019021133,-0.00618033,0.038042266,-0.01236066,0.057063397,-0.018540991,0.0,-0.0,0.019021133,-0.00618033,0.038042266,-0.01236066,0.057063397,-0.018540991,0.0,-0.0,0.019021133,-0.00618033,0.038042266,-0.01236066,0.057063397,-0.018540991,0.0,-0.0,0.019021133,-0.00618033,0.038042266,-0.01236066,0.057063397,-0.018540991,0.057063397,0.09510567,-0.018540991
0.65999997,0.0,-0.0,0.018096544,-0.008515578,0.036193088,-0.017031156,0.05428963,-0.025546733,0.0,-0.0,0.018096544,-0.008515578,0.036193088,-0.017031156,0.05428963,-0.025546733,0.0,-0.0,0.018096544,-0.008515578,0.036193088,-0.017031156,0.05428963,-0.025546733,0.0,-0.0,0.018096544,-0.008515578,0.036193088,-0.017031156,0.05428963,-0.025546733,0.05428963,0.09048273,-0.025546733
0.66999996,0.0,-0.0,0.016886562,-0.010716529,0.033773124,-0.021433057,0.050659686,-0.032149587,0.0,-0.0,0.016886562,-0.010716529,0.033773124,-0.021433057,0.050659686,-0.032149587,0.0,-0.0,0.016886562,-0.010716529,0.033773124,-0.021433057,0.050659686,-0.032149587,0.0,-0.0,0.016886562,-0.010716529,0.033773124,-0.021433057,0.050659686,-0.032149587,0.050659686,0.08443281,-0.032149587
0.68,0.0,-0.0,0.015410256,-0.012748489,0.030820511,-0.025496978,0.046230767,-0.038245466,0.0,-0.0,0.015410256,-0.012748489,0.030820511,-0.025496978,0.046230767,-0.038245466,0.0,-0.0,0.015410256,-0.012748489,0.030820511,-0.025496978,0.046230767,-0.038245466,0.0,-0.0,0.015410256,-0.012748489,0.030820511,-0.025496978,0.046230767,-0.038245466,0.046230767,0.07705128,-0.038245466
0.69,0.0,-0.0,0.013690932,-0.014579382,0.027381863,-0.029158764,0.041072793,-0.043738145,0.0,-0.0,0.013690932,-0.014579382,0.027381863,-0.029158764,0.041072793,-0.043738145,0.0,-0.0,0.013690932,-0.014579382,0.027381863,-0.029158764,0.041072793,-0.043738145,0.0,-0.0,0.013690932,-0.014579382,0.027381863,-0.029158764,0.041072793,-0.043738145,0.041072793,0.06845466,-0.043738145
0.7,0.0,-0.0,0.011755709,-0.016180336,0.023511417,-0.032360673,0.035267126,-0.048541013,0.0,-0.0,0.011755709,-0.016180336,0.023511417,-0.032360673,0.035267126,-0.048541013,0.0,-0.0,0.011755709,-0.016180336,0.023511417,-0.032360673,0.035267126,-0.048541013,0.0,-0.0,0.011755709,-0.016180336,0.023511417,-0.032360673,0.035267126,-0.048541013,0.035267126,0.058778543,-0.048541013
0.71,0.0,-0.0,0.009635076,-0.017526131,0.019270152,-0.035052262,0.02890523,-0.052578393,0.0,-0.0,0.009635076,-0.017526131,0.019270152,-0.035052262,0.02890523,-0.052578393,0.0,-0.0,0.009635076,-0.017526131,0.019270152,-0.035052262,0.02890523,-0.052578393,0.0,-0.0,0.009635076,-0.017526131,0.019270152,-0.035052262,0.02890523,-0.052578393,0.02890523,0.048175383,-0.052578393
0.71999997,0.0,-0.0,0.0073624933,-0.018595528,0.014724987,-0.037191056,0.022087479,-0.055786584,0.0,-0.0,0.0073624933,-0.018595528,0.014724987,-0.037191056,0.022087479,-0.055786584,0.0,-0.0,0.0073624933,-0.018595528,0.014724987,-0.037191056,0.022087479,-0.055786584,0.0,-0.0,0.0073624933,-0.018595528,0.014724987,-0.037191056,0.022087479,-0.055786584,0.022087479,0.036812466,-0.055786584
0.72999996,0.0,-0.0,0.004973799,-0.019371662,0.009947598,-0.038743325,0.014921398,-0.058114987,0.0,-0.0,0.004973799,-0.019371662,0.009947598,-0.038743325,0.014921398,-0.058114987,0.0,-0.0,0.004973799,-0.019371662,0.009947598,-0.038743325,0.014921398,-0.058114987,0.0,-0.0,0.004973799,-0.019371662,0.009947598,-0.038743325,0.014921398,-0.058114987,0.014921398,0.024868997,-0.058114987
0.74,0.0,-0.0,0.0025066652,-0.019842293,0.0050133304,-0.039684586,0.007519996,-0.059526883,0.0,-0.0,0.0025066652,-0.019842293,0.0050133304,-0.039684586,0.007519996,-0.059526883,0.0,-0.0,0.0025066652,-0.019842293,0.0050133304,-0.039684586,0.007519996,-0.059526883,0.0,-0.0,0.0025066652,-0.019842293,0.0050133304,-0.039684586,0.007519996,-0.059526883,0.007519996,0.012533327,-0.059526883
0.75,-0.0,-0.0,-4.769952e-10,-0.02,-9.539904e-10,-0.04,-1.4309857e-09,-0.06,-0.0,-0.0,-4.769952e-10,-0.02,-9.539904e-10,-0.04,-1.4309857e-09,-0.06,-0.0,-0.0,-4.769952e-10,-0.02,-9.539904e-10,-0.04,-1.4309857e-09,-0.06,-0.0,-0.0,-4.769952e-10,-0.02,-9.539904e-10,-0.04,-1.4309857e-09,-0.06,-1.4309857e-09,-2.3849762e-09,-0.06
0.76,-0.0,-0.0,-0.0025066661,-0.019842293,-0.0050133322,-0.039684586,-0.0075199986,-0.05952688,-0.0,-0.0,-0.0025066661,-0.019842293,-0.0050133322,-0.039684586,-0.0075199986,-0.05952688,-0.0,-0.0,-0.0025066661,-0.019842293,-0.0050133322,-0.039684586,-0.0075199986,-0.05952688,-0.0,-0.0,-0.0025066661,-0.019842293,-0.0050133322,-0.039684586,-0.0075199986,-0.05952688,-0.0075199986,-0.012533331,-0.05952688
0.77,-0.0,-0.0,-0.0049738,-0.019371662,-0.0099476,-0.038743325,-0.0149214,-0.058114987,-0.0,-0.0,-0.0049738,-0.019371662,-0.0099476,-0.038743325,-0.0149214,-0.058114987,-0.0,-0.0,-0.0049738,-0.019371662,-0.0099476,-0.038743325,-0.0149214,-0.058114987,-0.0,-0.0,-0.0049738,-0.019371662,-0.0099476,-0.038743325,-0.0149214,-0.058114987,-0.0149214,-0.024869,-0.058114987
0.78,-0.0,-0.0,-0.0073624942,-0.018595528,-0.0147249885,-0.037191056,-0.022087483,-0.055786584,-0.0,-0.0,-0.0073624942,-0.018595528,-0.0147249885,-0.037191056,-0.022087483,-0.055786584,-0.0,-0.0,-0.0073624942,-0.018595528,-0.0147249885,-0.037191056,-0.022087483,-0.055786584,-0.0,-0.0,-0.0073624942,-0.018595528,-0.0147249885,-0.037191056,-0.022087483,-0.055786584,-0.022087483,-0.036812473,-0.055786584
0.78999996,-0.0,-0.0,-0.009635078,-0.017526131,-0.019270156,-0.035052262,-0.028905233,-0.052578393,-0.0,-0.0,-0.009635078,-0.017526131,-0.019270156,-0.035052262,-0.028905233,-0.052578393,-0.0,-0.0,-0.009635078,-0.017526131,-0.019270156,-0.035052262,-0.028905233,-0.052578393,-0.0,-0.0,-0.009635078,-0.017526131,-0.019270156,-0.035052262,-0.028905233,-0.052578393,-0.028905233,-0.04817539,-0.052578393
0.79999995,-0.0,-0.0,-0.011755694,-0.016180348,-0.023511387,-0.032360695,-0.03526708,-0.048541043,-0.0,-0.0,-0.011755694,-0.016180348,-0.023511387,-0.032360695,-0.03526708,-0.048541043,-0.0,-0.0,-0.011755694,-0.016180348,-0.023511387,-0.032360695,-0.03526708,-0.048541043,-0.0,-0.0,-0.011755694,-0.016180348,-0.023511387,-0.032360695,-0.03526708,-0.048541043,-0.03526708,-0.058778472,-0.048541043
0.81,-0.0,-0.0,-0.013690947,-0.014579367,-0.027381893,-0.029158734,-0.04107284,-0.0437381,-0.0,-0.0,-0.013690947,-0.014579367,-0.027381893,-0.029158734,-0.04107284,-0.0437381,-0.0,-0.0,-0.013690947,-0.014579367,-0.027381893,-0.029158734,-0.04107284,-0.0437381,-0.0,-0.0,-0.013690947,-0.014579367,-0.027381893,-0.029158734,-0.04107284,-0.0437381,-0.04107284,-0.068454735,-0.0437381
0.82,-0.0,-0.0,-0.01541027,-0.012748473,-0.03082054,-0.025496947,-0.046230808,-0.03824542,-0.0,-0.0,-0.01541027,-0.012748473,-0.03082054,-0.025496947,-0.046230808,-0.03824542,-0.0,-0.0,-0.01541027,-0.012748473,-0.03082054,-0.025496947,-0.046230808,-0.03824542,-0.0,-0.0,-0.01541027,-0.012748473,-0.03082054,-0.025496947,-0.046230808,-0.03824542,-0.046230808,-0.07705135,-0.03824542
0.83,-0.0,-0.0,-0.016886562,-0.010716529,-0.033773124,-0.021433057,-0.05065969,-0.032149587,-0.0,-0.0,-0.016886562,-0.010716529,-0.033773124,-0.021433057,-0.05065969,-0.032149587,-0.0,-0.0,-0.016886562,-0.010716529,-0.033773124,-0.021433057,-0.05065969,-0.032149587,-0.0,-0.0,-0.016886562,-0.010716529,-0.033773124,-0.021433057,-0.05065969,-0.032149587,-0.05065969,-0.08443282,-0.032149587
0.84,-0.0,-0.0,-0.018096536,-0.0085155945,-0.036193073,-0.017031189,-0.054289613,-0.025546784,-0.0,-0.0,-0.018096536,-0.0085155945,-0.036193073,-0.017031189,-0.054289613,-0.025546784,-0.0,-0.0,-0.018096536,-0.0085155945,-0.036193073,-0.017031189,-0.054289613,-0.025546784,-0.0,-0.0,-0.018096536,-0.0085155945,-0.036193073,-0.017031189,-0.054289613,-0.025546784,-0.054289613,-0.09048269,-0.025546784
0.84999996,-0.0,-0.0,-0.019021127,-0.006180348,-0.038042255,-0.012360696,-0.057063382,-0.018541044,-0.0,-0.0,-0.019021127,-0.006180348,-0.038042255,-0.012360696,-0.057063382,-0.018541044,-0.0,-0.0,-0.019021127,-0.006180348,-0.038042255,-0.012360696,-0.057063382,-0.018541044,-0.0,-0.0,-0.019021127,-0.006180348,-0.038042255,-0.012360696,-0.057063382,-0.018541044,-0.057063382,-0.09510564,-0.018541044
0.85999995,-0.0,-0.0,-0.019645743,-0.0037476334,-0.039291486,-0.007495267,-0.05893723,-0.0112429,-0.0,-0.0,-0.019645743,-0.0037476334,-0.039291486,-0.007495267,-0.05893723,-0.0112429,-0.0,-0.0,-0.019645743,-0.0037476334,-0.039291486,-0.007495267,-0.05893723,-0.0112429,-0.0,-0.0,-0.019645743,-0.0037476334,-0.039291486,-0.007495267,-0.05893723,-0.0112429,-0.05893723,-0.098228715,-0.0112429
0.87,-0.0,-0.0,-0.019960536,-0.0012557976,-0.03992107,-0.0025115951,-0.059881605,-0.0037673926,-0.0,-0.0,-0.019960536,-0.0012557976,-0.03992107,-0.0025115951,-0.059881605,-0.0037673926,-0.0,-0.0,-0.019960536,-0.0012557976,-0.03992107,-0.0025115951,-0.059881605,-0.0037673926,-0.0,-0.0,-0.019960536,-0.0012557976,-0.03992107,-0.0025115951,-0.059881605,-0.0037673926,-0.059881605,-0.09980268,-0.0037673926
0.88,-0.0,0.0,-0.019960534,0.0012558241,-0.039921068,0.0025116482,-0.059881598,0.0037674722,-0.0,0.0,-0.019960534,0.0012558241,-0.039921068,0.0025116482,-0.059881598,0.0037674722,-0.0,0.0,-0.019960534,0.0012558241,-0.039921068,0.0025116482,-0.059881598,0.0037674722,-0.0,0.0,-0.019960534,0.0012558241,-0.039921068,0.0025116482,-0.059881598,0.0037674722,-0.059881598,-0.099802665,0.0037674722
0.89,-0.0,0.0,-0.019645745,0.003747622,-0.03929149,0.007495244,-0.058937237,0.011242866,-0.0,0.0,-0.019645745,0.003747622,-0.03929149,0.007495244,-0.058937237,0.011242866,-0.0,0.0,-0.019645745,0.003747622,-0.03929149,0.007495244,-0.058937237,0.011242866,-0.0,0.0,-0.019645745,0.003747622,-0.03929149,0.007495244,-0.058937237,0.011242866,-0.058937237,-0.09822873,0.011242866
0.9,-0.0,0.0,-0.019021131,0.006180337,-0.038042262,0.012360674,-0.05706339,0.01854101,-0.0,0.0,-0.019021131,0.006180337,-0.038042262,0.012360674,-0.05706339,0.01854101,-0.0,0.0,-0.019021131,0.006180337,-0.038042262,0.012360674,-0.05706339,0.01854101,-0.0,0.0,-0.019021131,0.006180337,-0.038042262,0.012360674,-0.05706339,0.01854101,-0.05706339,-0.095105655,0.01854101
0.90999997,-0.0,0.0,-0.018096542,0.008515583,-0.036193084,0.017031167,-0.054289624,0.025546752,-0.0,0.0,-0.018096542,0.008515583,-0.036193084,0.017031167,-0.054289624,0.025546752,-0.0,0.0,-0.018096542,0.008515583,-0.036193084,0.017031167,-0.054289624,0.025546752,-0.0,0.0,-0.018096542,0.008515583,-0.036193084,0.017031167,-0.054289624,0.025546752,-0.054289624,-0.09048271,0.025546752
0.91999996,-0.0,0.0,-0.01688656,0.010716534,-0.03377312,0.021433068,-0.05065968,0.032149605,-0.0,0.0,-0.01688656,0.010716534,-0.03377312,0.021433068,-0.05065968,0.032149605,-0.0,0.0,-0.01688656,0.010716534,-0.03377312,0.021433068,-0.05065968,0.032149605,-0.0,0.0,-0.01688656,0.010716534,-0.03377312,0.021433068,-0.05065968,0.032149605,-0.05065968,-0.0844328,0.032149605
0.93,-0.0,0.0,-0.015410264,0.01274848,-0.030820528,0.02549696,-0.046230793,0.03824544,-0.0,0.0,-0.015410264,0.01274848,-0.030820528,0.02549696,-0.046230793,0.03824544,-0.0,0.0,-0.015410264,0.01274848,-0.030820528,0.02549696,-0.046230793,0.03824544,-0.0,0.0,-0.015410264,0.01274848,-0.030820528,0.02549696,-0.046230793,0.03824544,-0.046230793,-0.07705133,0.03824544
0.94,-0.0,0.0,-0.013690941,0.014579373,-0.027381882,0.029158747,-0.041072823,0.04373812,-0.0,0.0,-0.013690941,0.014579373,-0.027381882,0.029158747,-0.041072823,0.04373812,-0.0,0.0,-0.013690941,0.014579373,-0.027381882,0.029158747,-0.041072823,0.04373812,-0.0,0.0,-0.013690941,0.014579373,-0.027381882,0.029158747,-0.041072823,0.04373812,-0.041072823,-0.068454705,0.04373812
0.95,-0.0,0.0,-0.011755703,0.01618034,-0.023511406,0.03236068,-0.03526711,0.048541024,-0.0,0.0,-0.011755703,0.01618034,-0.023511406,0.03236068,-0.03526711,0.048541024,-0.0,0.0,-0.011755703,0.01618034,-0.023511406,0.03236068,-0.03526711,0.048541024,-0.0,0.0,-0.011755703,0.01618034,-0.023511406,0.03236068,-0.03526711,0.048541024,-0.03526711,-0.05877852,0.048541024
0.96,-0.0,0.0,-0.009635071,0.017526135,-0.019270143,0.03505227,-0.028905213,0.052578405,-0.0,0.0,-0.009635071,0.017526135,-0.019270143,0.03505227,-0.028905213,0.052578405,-0.0,0.0,-0.009635071,0.017526135,-0.019270143,0.03505227,-0.028905213,0.052578405,-0.0,0.0,-0.009635071,0.017526135,-0.019270143,0.03505227,-0.028905213,0.052578405,-0.028905213,-0.048175357,0.052578405
0.96999997,-0.0,0.0,-0.0073624873,0.01859553,-0.0147249745,0.03719106,-0.022087462,0.05578659,-0.0,0.0,-0.0073624873,0.01859553,-0.0147249745,0.03719106,-0.022087462,0.05578659,-0.0,0.0,-0.0073624873,0.01859553,-0.0147249745,0.03719106,-0.022087462,0.05578659,-0.0,0.0,-0.0073624873,0.01859553,-0.0147249745,0.03719106,-0.022087462,0.05578659,-0.022087462,-0.036812436,0.05578659
0.97999996,-0.0,0.0,-0.004973793,0.019371664,-0.009947586,0.03874333,-0.014921378,0.05811499,-0.0,0.0,-0.004973793,0.019371664,-0.009947586,0.03874333,-0.014921378,0.05811499,-0.0,0.0,-0.004973793,0.019371664,-0.009947586,0.03874333,-0.014921378,0.05811499,-0.0,0.0,-0.004973793,0.019371664,-0.009947586,0.03874333,-0.014921378,0.05811499,-0.014921378,-0.024868965,0.05811499
0.98999995,-0.0,0.0,-0.0025066778,0.019842291,-0.0050133555,0.039684583,-0.007520033,0.059526876,-0.0,0.0,-0.0025066778,0.019842291,-0.0050133555,0.039684583,-0.007520033,0.059526876,-0.0,0.0,-0.0025066778,0.019842291,-0.0050133555,0.039684583,-0.007520033,0.059526876,-0.0,0.0,-0.0025066778,0.019842291,-0.0050133555,0.039684583,-0.007520033,0.059526876,-0.007520033,-0.012533389,0.059526876
1.0,0.0,0.0,6.993822e-09,0.02,1.3987644e-08,0.04,2.0981465e-08,0.06,0.0,0.0,6.993822e-09,0.02,1.3987644e-08,0.04,2.0981465e-08,0.06,0.0,0.0,6.993822e-09,0.02,1.3987644e-08,0.04,2.0981465e-08,0.06,0.0,0.0,6.993822e-09,0.02,1.3987644e-08,0.04,2.0981465e-08,0.06,2.0981465e-08,3.4969112e-08,0.06
1.01,0.0,0.0,0.0025066726,0.019842293,0.0050133453,0.039684586,0.007520018,0.05952688,0.0,0.0,0.0025066726,0.019842293,0.0050133453,0.039684586,0.007520018,0.05952688,0.0,0.0,0.0025066726,0.019842293,0.0050133453,0.039684586,0.007520018,0.05952688,0.0,0.0,0.0025066726,0.019842293,0.0050133453,0.039684586,0.007520018,0.05952688,0.007520018,0.012533364,0.05952688
1.02,0.0,0.0,0.0049738064,0.01937166,0.009947613,0.03874332,0.014921419,0.058114983,0.0,0.0,0.0049738064,0.01937166,0.009947613,0.03874332,0.014921419,0.058114983,0.0,0.0,0.0049738064,0.01937166,0.009947613,0.03874332,0.014921419,0.058114983,0.0,0.0,0.0049738064,0.01937166,0.009947613,0.03874332,0.014921419,0.058114983,0.014921419,0.024869032,0.058114983
1.03,0.0,0.0,0.0073624826,0.018595533,0.014724965,0.037191067,0.022087447,0.0557866,0.0,0.0,0.0073624826,0.018595533,0.014724965,0.037191067,0.022087447,0.0557866,0.0,0.0,0.0073624826,0.018595533,0.014724965,0.037191067,0.022087447,0.0557866,0.0,0.0,0.0073624826,0.018595533,0.014724965,0.037191067,0.022087447,0.0557866,0.022087447,0.036812413,0.0557866
1.04,0.0,0.0,0.009635067,0.017526137,0.019270133,0.035052273,0.028905198,0.052578412,0.0,0.0,0.009635067,0.017526137,0.019270133,0.035052273,0.028905198,0.052578412,0.0,0.0,0.009635067,0.017526137,0.019270133,0.035052273,0.028905198,0.052578412,0.0,0.0,0.009635067,0.017526137,0.019270133,0.035052273,0.028905198,0.052578412,0.028905198,0.04817533,0.052578412
1.05,0.0,0.0,0.011755698,0.016180344,0.023511397,0.032360688,0.035267096,0.048541028,0.0,0.0,0.011755698,0.016180344,0.023511397,0.032360688,0.035267096,0.048541028,0.0,0.0,0.011755698,0.016180344,0.023511397,0.032360688,0.035267096,0.048541028,0.0,0.0,0.011755698,0.016180344,0.023511397,0.032360688,0.035267096,0.048541028,0.035267096,0.058778495,0.048541028
1.06,0.0,0.0,0.013690937,0.014579377,0.027381875,0.029158754,0.041072812,0.04373813,0.0,0.0,0.013690937,0.014579377,0.027381875,0.029158754,0.041072812,0.04373813,0.0,0.0,0.013690937,0.014579377,0.027381875,0.029158754,0.041072812,0.04373813,0.0,0.0,0.013690937,0.014579377,0.027381875,0.029158754,0.041072812,0.04373813,0.041072812,0.06845469,0.04373813
1.0699999,0.0,0.0,0.015410261,0.012748484,0.030820522,0.025496967,0.04623078,0.03824545,0.0,0.0,0.015410261,0.012748484,0.030820522,0.025496967,0.04623078,0.03824545,0.0,0.0,0.015410261,0.012748484,0.030820522,0.025496967,0.04623078,0.03824545,0.0,0.0,0.015410261,0.012748484,0.030820522,0.025496967,0.04623078,0.03824545,0.04623078,0.077051304,0.03824545
1.0799999,0.0,0.0,0.016886557,0.01071654,0.033773113,0.02143308,0.050659668,0.032149617,0.0,0.0,0.016886557,0.01071654,0.033773113,0.02143308,0.050659668,0.032149617,0.0,0.0,0.016886557,0.01071654,0.033773113,0.02143308,0.050659668,0.032149617,0.0,0.0,0.016886557,0.01071654,0.033773113,0.02143308,0.050659668,0.032149617,0.050659668,0.08443278,0.032149617
1.09,0.0,0.0,0.018096548,0.008515571,0.036193095,0.017031142,0.054289643,0.025546713,0.0,0.0,0.018096548,0.008515571,0.036193095,0.017031142,0.054289643,0.025546713,0.0,0.0,0.018096548,0.008515571,0.036193095,0.017031142,0.054289643,0.025546713,0.0,0.0,0.018096548,0.008515571,0.036193095,0.017031142,0.054289643,0.025546713,0.054289643,0.09048274,0.025546713
1.1,0.0,0.0,0.019021135,0.006180323,0.03804227,0.012360646,0.057063404,0.01854097,0.0,0.0,0.019021135,0.006180323,0.03804227,0.012360646,0.057063404,0.01854097,0.0,0.0,0.019021135,0.006180323,0.03804227,0.012360646,0.057063404,0.01854097,0.0,0.0,0.019021135,0.006180323,0.03804227,0.012360646,0.057063404,0.01854097,0.057063404,0.09510568,0.01854097
1.11,0.0,0.0,0.019645747,0.0037476083,0.039291494,0.0074952166,0.058937244,0.011242825,0.0,0.0,0.019645747,0.0037476083,0.039291494,0.0074952166,0.058937244,0.011242825,0.0,0.0,0.019645747,0.0037476083,0.039291494,0.0074952166,0.058937244,0.011242825,0.0,0.0,0.019645747,0.0037476083,0.039291494,0.0074952166,0.058937244,0.011242825,0.058937244,0.098228745,0.011242825
1.12,0.0,0.0,0.019960534,0.0012558103,0.039921068,0.0025116205,0.0598816,0.0037674308,0.0,0.0,0.019960534,0.0012558103,0.039921068,0.0025116205,0.0598816,0.0037674308,0.0,0.0,0.019960534,0.0012558103,0.039921068,0.0025116205,0.0598816,0.0037674308,0.0,0.0,0.019960534,0.0012558103,0.039921068,0.0025116205,0.0598816,0.0037674308,0.0598816,0.09980267,0.0037674308
1.13,0.0,-0.0,0.019960534,-0.0012558115,0.039921068,-0.002511623,0.0598816,-0.0037674347,0.0,-0.0,0.019960534,-0.0012558115,0.039921068,-0.002511623,0.0598816,-0.0037674347,0.0,-0.0,0.019960534,-0.0012558115,0.039921068,-0.002511623,0.0598816,-0.0037674347,0.0,-0.0,0.019960534,-0.0012558115,0.039921068,-0.002511623,0.0598816,-0.0037674347,0.0598816,0.09980267,-0.0037674347
1.14,0.0,-0.0,0.019645745,-0.0037476285,0.03929149,-0.007495257,0.058937233,-0.011242886,0.0,-0.0,0.019645745,-0.0037476285,0.03929149,-0.007495257,0.058937233,-0.011242886,0.0,-0.0,0.019645745,-0.0037476285,0.03929149,-0.007495257,0.058937233,-0.011242886,0.0,-0.0,0.019645745,-0.0037476285,0.03929149,-0.007495257,0.058937233,-0.011242886,0.058937233,0.09822872,-0.011242886
1.15,0.0,-0.0,0.01902113,-0.0061803428,0.03804226,-0.0123606855,0.057063386,-0.018541029,0.0,-0.0,0.01902113,-0.0061803428,0.03804226,-0.0123606855,0.057063386,-0.018541029,0.0,-0.0,0.01902113,-0.0061803428,0.03804226,-0.0123606855,0.057063386,-0.018541029,0.0,-0.0,0.01902113,-0.0061803428,0.03804226,-0.0123606855,0.057063386,-0.018541029,0.057063386,0.09510565,-0.018541029
1.16,0.0,-0.0,0.018096538,-0.00851559,0.036193077,-0.01703118,0.054289617,-0.025546769,0.0,-0.0,0.018096538,-0.00851559,0.036193077,-0.01703118,0.054289617,-0.025546769,0.0,-0.0,0.018096538,-0.00851559,0.036193077,-0.01703118,0.054289617,-0.025546769,0.0,-0.0,0.018096538,-0.00851559,0.036193077,-0.01703118,0.054289617,-0.025546769,0.054289617,0.0904827,-0.025546769
1.17,0.0,-0.0,0.016886557,-0.010716541,0.033773113,-0.021433081,0.050659668,-0.03214962,0.0,-0.0,0.016886557,-0.010716541,0.033773113,-0.021433081,0.050659668,-0.03214962,0.0,-0.0,0.016886557,-0.010716541,0.033773113,-0.021433081,0.050659668,-0.03214962,0.0,-0.0,0.016886557,-0.010716541,0.033773113,-0.021433081,0.050659668,-0.03214962,0.050659668,0.08443278,-0.03214962
1.18,0.0,-0.0,0.015410272,-0.01274847,0.030820545,-0.02549694,0.04623082,-0.03824541,0.0,-0.0,0.015410272,-0.01274847,0.030820545,-0.02549694,0.04623082,-0.03824541,0.0,-0.0,0.015410272,-0.01274847,0.030820545,-0.02549694,0.04623082,-0.03824541,0.0,-0.0,0.015410272,-0.01274847,0.030820545,-0.02549694,0.04623082,-0.03824541,0.04623082,0.077051364,-0.03824541
1.1899999,0.0,-0.0,0.01369095,-0.014579364,0.0273819,-0.029158728,0.041072853,-0.04373809,0.0,-0.0,0.01369095,-0.014579364,0.0273819,-0.029158728,0.041072853,-0.04373809,0.0,-0.0,0.01369095,-0.014579364,0.0273819,-0.029158728,0.041072853,-0.04373809,0.0,-0.0,0.01369095,-0.014579364,0.0273819,-0.029158728,0.041072853,-0.04373809,0.041072853,0.06845476,-0.04373809
1.1999999,0.0,-0.0,0.011755713,-0.016180335,0.023511427,-0.03236067,0.03526714,-0.048541002,0.0,-0.0,0.011755713,-0.016180335,0.023511427,-0.03236067,0.03526714,-0.048541002,0.0,-0.0,0.011755713,-0.016180335,0.023511427,-0.03236067,0.03526714,-0.048541002,0.0,-0.0,0.011755713,-0.016180335,0.023511427,-0.03236067,0.03526714,-0.048541002,0.03526714,0.058778565,-0.048541002
1.2099999,0.0,-0.0,0.0096350815,-0.01752613,0.019270163,-0.03505226,0.028905245,-0.052578386,0.0,-0.0,0.0096350815,-0.01752613,0.019270163,-0.03505226,0.028905245,-0.052578386,0.0,-0.0,0.0096350815,-0.01752613,0.019270163,-0.03505226,0.028905245,-0.052578386,0.0,-0.0,0.0096350815,-0.01752613,0.019270163,-0.03505226,0.028905245,-0.052578386,0.028905245,0.04817541,-0.052578386
1.22,0.0,-0.0,0.007362481,-0.018595533,0.014724962,-0.037191067,0.022087444,-0.0557866,0.0,-0.0,0.007362481,-0.018595533,0.014724962,-0.037191067,0.022087444,-0.0557866,0.0,-0.0,0.007362481,-0.018595533,0.014724962,-0.037191067,0.022087444,-0.0557866,0.0,-0.0,0.007362481,-0.018595533,0.014724962,-0.037191067,0.022087444,-0.0557866,0.022087444,0.036812406,-0.0557866
1.23,0.0,-0.0,0.004973787,-0.019371666,0.009947574,-0.038743332,0.01492136,-0.058114994,0.0,-0.0,0.004973787,-0.019371666,0.009947574,-0.038743332,0.01492136,-0.058114994,0.0,-0.0,0.004973787,-0.019371666,0.009947574,-0.038743332,0.01492136,-0.058114994,0.0,-0.0,0.004973787,-0.019371666,0.009947574,-0.038743332,0.01492136,-0.058114994,0.01492136,0.024868933,-0.058114994
1.24,0.0,-0.0,0.0025066521,-0.019842295,0.0050133043,-0.03968459,0.007519956,-0.059526887,0.0,-0.0,0.0025066521,-0.019842295,0.0050133043,-0.03968459,0.007519956,-0.059526887,0.0,-0.0,0.0025066521,-0.019842295,0.0050133043,-0.03968459,0.007519956,-0.059526887,0.0,-0.0,0.0025066521,-0.019842295,0.0050133043,-0.03968459,0.007519956,-0.059526887,0.007519956,0.012533261,-0.059526887
1.25,-0.0,-0.0,-1.35106495e-08,-0.02,-2.7021299e-08,-0.04,-4.0531948e-08,-0.06,-0.0,-0.0,-1.35106495e-08,-0.02,-2.7021299e-08,-0.04,-4.0531948e-08,-0.06,-0.0,-0.0,-1.35106495e-08,-0.02,-2.7021299e-08,-0.04,-4.0531948e-08,-0.06,-0.0,-0.0,-1.35106495e-08,-0.02,-2.7021299e-08,-0.04,-4.0531948e-08,-0.06,-4.0531948e-08,-6.755325e-08,-0.06
1.26,-0.0,-0.0,-0.002506679,-0.019842291,-0.005013358,-0.039684583,-0.007520037,-0.059526876,-0.0,-0.0,-0.002506679,-0.019842291,-0.005013358,-0.039684583,-0.007520037,-0.059526876,-0.0,-0.0,-0.002506679,-0.019842291,-0.005013358,-0.039684583,-0.007520037,-0.059526876,-0.0,-0.0,-0.002506679,-0.019842291,-0.005013358,-0.039684583,-0.007520037,-0.059526876,-0.007520037,-0.012533396,-0.059526876
1.27,-0.0,-0.0,-0.0049737943,-0.019371664,-0.009947589,-0.03874333,-0.014921382,-0.05811499,-0.0,-0.0,-0.0049737943,-0.019371664,-0.009947589,-0.03874333,-0.014921382,-0.05811499,-0.0,-0.0,-0.0049737943,-0.019371664,-0.009947589,-0.03874333,-0.014921382,-0.05811499,-0.0,-0.0,-0.0049737943,-0.019371664,-0.009947589,-0.03874333,-0.014921382,-0.05811499,-0.014921382,-0.02486897,-0.05811499
1.28,-0.0,-0.0,-0.0073625064,-0.018595524,-0.014725013,-0.03719105,-0.022087518,-0.05578657,-0.0,-0.0,-0.0073625064,-0.018595524,-0.014725013,-0.03719105,-0.022087518,-0.05578657,-0.0,-0.0,-0.0073625064,-0.018595524,-0.014725013,-0.03719105,-0.022087518,-0.05578657,-0.0,-0.0,-0.0073625064,-0.018595524,-0.014725013,-0.03719105,-0.022087518,-0.05578657,-0.022087518,-0.036812533,-0.05578657
1.29,-0.0,-0.0,-0.009635089,-0.017526124,-0.019270178,-0.035052247,-0.028905267,-0.052578375,-0.0,-0.0,-0.009635089,-0.017526124,-0.019270178,-0.035052247,-0.028905267,-0.052578375,-0.0,-0.0,-0.009635089,-0.017526124,-0.019270178,-0.035052247,-0.028905267,-0.052578375,-0.0,-0.0,-0.009635089,-0.017526124,-0.019270178,-0.035052247,-0.028905267,-0.052578375,-0.028905267,-0.048175447,-0.052578375
1.3,-0.0,-0.0,-0.011755689,-0.01618035,-0.023511378,-0.0323607,-0.035267066,-0.04854105,-0.0,-0.0,-0.011755689,-0.01618035,-0.023511378,-0.0323607,-0.035267066,-0.04854105,-0.0,-0.0,-0.011755689,-0.01618035,-0.023511378,-0.0323607,-0.035267066,-0.04854105,-0.0,-0.0,-0.011755689,-0.01618035,-0.023511378,-0.0323607,-0.035267066,-0.04854105,-0.035267066,-0.058778446,-0.04854105
1.31,-0.0,-0.0,-0.013690928,-0.0145793855,-0.027381856,-0.029158771,-0.041072782,-0.043738157,-0.0,-0.0,-0.013690928,-0.0145793855,-0.027381856,-0.029158771,-0.041072782,-0.043738157,-0.0,-0.0,-0.013690928,-0.0145793855,-0.027381856,-0.029158771,-0.041072782,-0.043738157,-0.0,-0.0,-0.013690928,-0.0145793855,-0.027381856,-0.029158771,-0.041072782,-0.043738157,-0.041072782,-0.068454646,-0.043738157
1.3199999,-0.0,-0.0,-0.015410254,-0.012748493,-0.030820508,-0.025496986,-0.04623076,-0.038245477,-0.0,-0.0,-0.015410254,-0.012748493,-0.030820508,-0.025496986,-0.04623076,-0.038245477,-0.0,-0.0,-0.015410254,-0.012748493,-0.030820508,-0.025496986,-0.04623076,-0.038245477,-0.0,-0.0,-0.015410254,-0.012748493,-0.030820508,-0.025496986,-0.04623076,-0.038245477,-0.04623076,-0.077051274,-0.038245477
1.3299999,-0.0,-0.0,-0.01688655,-0.01071655,-0.0337731,-0.0214331,-0.05065965,-0.03214965,-0.0,-0.0,-0.01688655,-0.01071655,-0.0337731,-0.0214331,-0.05065965,-0.03214965,-0.0,-0.0,-0.01688655,-0.01071655,-0.0337731,-0.0214331,-0.05065965,-0.03214965,-0.0,-0.0,-0.01688655,-0.01071655,-0.0337731,-0.0214331,-0.05065965,-0.03214965,-0.05065965,-0.08443275,-0.03214965
1.3399999,-0.0,-0.0,-0.018096535,-0.0085156,-0.03619307,-0.0170312,-0.0542896,-0.025546798,-0.0,-0.0,-0.018096535,-0.0085156,-0.03619307,-0.0170312,-0.0542896,-0.025546798,-0.0,-0.0,-0.018096535,-0.0085156,-0.03619307,-0.0170312,-0.0542896,-0.025546798,-0.0,-0.0,-0.018096535,-0.0085156,-0.03619307,-0.0170312,-0.0542896,-0.025546798,-0.0542896,-0.090482675,-0.025546798
1.35,-0.0,-0.0,-0.019021137,-0.006180317,-0.038042273,-0.012360634,-0.057063412,-0.018540952,-0.0,-0.0,-0.019021137,-0.006180317,-0.038042273,-0.012360634,-0.057063412,-0.018540952,-0.0,-0.0,-0.019021137,-0.006180317,-0.038042273,-0.012360634,-0.057063412,-0.018540952,-0.0,-0.0,-0.019021137,-0.006180317,-0.038042273,-0.012360634,-0.057063412,-0.018540952,-0.057063412,-0.09510569,-0.018540952
1.36,-0.0,-0.0,-0.019645749,-0.003747602,-0.039291497,-0.007495204,-0.058937248,-0.011242806,-0.0,-0.0,-0.019645749,-0.003747602,-0.039291497,-0.007495204,-0.058937248,-0.011242806,-0.0,-0.0,-0.019645749,-0.003747602,-0.039291497,-0.007495204,-0.058937248,-0.011242806,-0.0,-0.0,-0.019645749,-0.003747602,-0.039291497,-0.007495204,-0.058937248,-0.011242806,-0.058937248,-0.098228745,-0.011242806
1.37,-0.0,-0.0,-0.019960536,-0.0012557846,-0.03992107,-0.0025115693,-0.059881605,-0.0037673537,-0.0,-0.0,-0.019960536,-0.0012557846,-0.03992107,-0.0025115693,-0.059881605,-0.0037673537,-0.0,-0.0,-0.019960536,-0.0012557846,-0.03992107,-0.0025115693,-0.059881605,-0.0037673537,-0.0,-0.0,-0.019960536,-0.0012557846,-0.03992107,-0.0025115693,-0.059881605,-0.0037673537,-0.059881605,-0.09980268,-0.0037673537
1.38,-0.0,0.0,-0.019960534,0.001255837,-0.039921068,0.002511674,-0.059881598,0.003767511,-0.0,0.0,-0.019960534,0.001255837,-0.039921068,0.002511674,-0.059881598,0.003767511,-0.0,0.0,-0.019960534,0.001255837,-0.039921068,0.002511674,-0.059881598,0.003767511,-0.0,0.0,-0.019960534,0.001255837,-0.039921068,0.002511674,-0.059881598,0.003767511,-0.059881598,-0.099802665,0.003767511
1.39,-0.0,0.0,-0.019645747,0.003747616,-0.039291494,0.007495232,-0.05893724,0.011242848,-0.0,0.0,-0.019645747,0.003747616,-0.039291494,0.007495232,-0.05893724,0.011242848,-0.0,0.0,-0.019645747,0.003747616,-0.039291494,0.007495232,-0.05893724,0.011242848,-0.0,0.0,-0.019645747,0.003747616,-0.039291494,0.007495232,-0.05893724,0.011242848,-0.05893724,-0.09822874,0.011242848
1.4,-0.0,0.0,-0.019021133,0.006180331,-0.038042266,0.012360662,-0.057063397,0.018540993,-0.0,0.0,-0.019021133,0.006180331,-0.038042266,0.012360662,-0.057063397,0.018540993,-0.0,0.0,-0.019021133,0.006180331,-0.038042266,0.012360662,-0.057063397,0.018540993,-0.0,0.0,-0.019021133,0.006180331,-0.038042266,0.012360662,-0.057063397,0.018540993,-0.057063397,-0.09510567,0.018540993
1.41,-0.0,0.0,-0.018096544,0.008515579,-0.036193088,0.017031157,-0.05428963,0.025546735,-0.0,0.0,-0.018096544,0.008515579,-0.036193088,0.017031157,-0.05428963,0.025546735,-0.0,0.0,-0.018096544,0.008515579,-0.036193088,0.017031157,-0.05428963,0.025546735,-0.0,0.0,-0.018096544,0.008515579,-0.036193088,0.017031157,-0.05428963,0.025546735,-0.05428963,-0.09048273,0.025546735
1.42,-0.0,0.0,-0.016886562,0.01071653,-0.033773124,0.02143306,-0.050659686,0.03214959,-0.0,0.0,-0.016886562,0.01071653,-0.033773124,0.02143306,-0.050659686,0.03214959,-0.0,0.0,-0.016886562,0.01071653,-0.033773124,0.02143306,-0.050659686,0.03214959,-0.0,0.0,-0.016886562,0.01071653,-0.033773124,0.02143306,-0.050659686,0.03214959,-0.050659686,-0.08443281,0.03214959
1.43,-0.0,0.0,-0.015410268,0.012748475,-0.030820535,0.02549695,-0.046230804,0.038245425,-0.0,0.0,-0.015410268,0.012748475,-0.030820535,0.02549695,-0.046230804,0.038245425,-0.0,0.0,-0.015410268,0.012748475,-0.030820535,0.02549695,-0.046230804,0.038245425,-0.0,0.0,-0.015410268,0.012748475,-0.030820535,0.02549695,-0.046230804,0.038245425,-0.046230804,-0.07705134,0.038245425
1.4399999,-0.0,0.0,-0.013690946,0.014579369,-0.027381891,0.029158738,-0.041072838,0.043738104,-0.0,0.0,-0.013690946,0.014579369,-0.027381891,0.029158738,-0.041072838,0.043738104,-0.0,0.0,-0.013690946,0.014579369,-0.027381891,0.029158738,-0.041072838,0.043738104,-0.0,0.0,-0.013690946,0.014579369,-0.027381891,0.029158738,-0.041072838,0.043738104,-0.041072838,-0.068454735,0.043738104
1.4499999,-0.0,0.0,-0.011755709,0.016180336,-0.023511417,0.032360673,-0.035267126,0.048541013,-0.0,0.0,-0.011755709,0.016180336,-0.023511417,0.032360673,-0.035267126,0.048541013,-0.0,0.0,-0.011755709,0.016180336,-0.023511417,0.032360673,-0.035267126,0.048541013,-0.0,0.0,-0.011755709,0.016180336,-0.023511417,0.032360673,-0.035267126,0.048541013,-0.035267126,-0.058778543,0.048541013
1.4599999,-0.0,0.0,-0.009635076,0.017526131,-0.019270152,0.035052262,-0.02890523,0.052578393,-0.0,0.0,-0.009635076,0.017526131,-0.019270152,0.035052262,-0.02890523,0.052578393,-0.0,0.0,-0.009635076,0.017526131,-0.019270152,0.035052262,-0.02890523,0.052578393,-0.0,0.0,-0.009635076,0.017526131,-0.019270152,0.035052262,-0.02890523,0.052578393,-0.02890523,-0.048175383,0.052578393
1.4699999,-0.0,0.0,-0.0073624933,0.018595528,-0.014724987,0.037191056,-0.022087479,0.055786584,-0.0,0.0,-0.0073624933,0.018595528,-0.014724987,0.037191056,-0.022087479,0.055786584,-0.0,0.0,-0.0073624933,0.018595528,-0.014724987,0.037191056,-0.022087479,0.055786584,-0.0,0.0,-0.0073624933,0.018595528,-0.014724987,0.037191056,-0.022087479,0.055786584,-0.022087479,-0.036812466,0.055786584
1.48,-0.0,0.0,-0.0049737985,0.019371662,-0.009947597,0.038743325,-0.014921396,0.058114987,-0.0,0.0,-0.0049737985,0.019371662,-0.009947597,0.038743325,-0.014921396,0.058114987,-0.0,0.0,-0.0049737985,0.019371662,-0.009947597,0.038743325,-0.014921396,0.058114987,-0.0,0.0,-0.0049737985,0.019371662,-0.009947597,0.038743325,-0.014921396,0.058114987,-0.014921396,-0.024868993,0.058114987
1.49,-0.0,0.0,-0.0025066647,0.019842293,-0.0050133294,0.039684586,-0.007519994,0.059526883,-0.0,0.0,-0.0025066647,0.019842293,-0.0050133294,0.039684586,-0.007519994,0.059526883,-0.0,0.0,-0.0025066647,0.019842293,-0.0050133294,0.039684586,-0.007519994,0.059526883,-0.0,0.0,-0.0025066647,0.019842293,-0.0050133294,0.039684586,-0.007519994,0.059526883,-0.007519994,-0.012533324,0.059526883
1.5,0.0,0.0,9.539904e-10,0.02,1.9079809e-09,0.04,2.8619713e-09,0.06,0.0,0.0,9.539904e-10,0.02,1.9079809e-09,0.04,2.8619713e-09,0.06,0.0,0.0,9.539904e-10,0.02,1.9079809e-09,0.04,2.8619713e-09,0.06,0.0,0.0,9.539904e-10,0.02,1.9079809e-09,0.04,2.8619713e-09,0.06,2.8619713e-09,4.7699524e-09,0.06
1.51,0.0,0.0,0.0025066668,0.019842293,0.0050133336,0.039684586,0.00752,0.05952688,0.0,0.0,0.0025066668,0.019842293,0.0050133336,0.039684586,0.00752,0.05952688,0.0,0.0,0.0025066668,0.019842293,0.0050133336,0.039684586,0.00752,0.05952688,0.0,0.0,0.0025066668,0.019842293,0.0050133336,0.039684586,0.00752,0.05952688,0.00752,0.012533334,0.05952688
1.52,0.0,0.0,0.004973801,0.019371662,0.009947602,0.038743325,0.014921402,0.058114987,0.0,0.0,0.004973801,0.019371662,0.009947602,0.038743325,0.014921402,0.058114987,0.0,0.0,0.004973801,0.019371662,0.009947602,0.038743325,0.014921402,0.058114987,0.0,0.0,0.004973801,0.019371662,0.009947602,0.038743325,0.014921402,0.058114987,0.014921402,0.024869004,0.058114987
1.53,0.0,0.0,0.0073624947,0.018595528,0.014724989,0.037191056,0.022087485,0.055786584,0.0,0.0,0.0073624947,0.018595528,0.014724989,0.037191056,0.022087485,0.055786584,0.0,0.0,0.0073624947,0.018595528,0.014724989,0.037191056,0.022087485,0.055786584,0.0,0.0,0.0073624947,0.018595528,0.014724989,0.037191056,0.022087485,0.055786584,0.022087485,0.036812477,0.055786584
1.54,0.0,0.0,0.009635078,0.017526131,0.019270156,0.035052262,0.028905233,0.05257839,0.0,0.0,0.009635078,0.017526131,0.019270156,0.035052262,0.028905233,0.05257839,0.0,0.0,0.009635078,0.017526131,0.019270156,0.035052262,0.028905233,0.05257839,0.0,0.0,0.009635078,0.017526131,0.019270156,0.035052262,0.028905233,0.05257839,0.028905233,0.04817539,0.05257839
1.55,0.0,0.0,0.01175571,0.016180336,0.02351142,0.032360673,0.03526713,0.04854101,0.0,0.0,0.01175571,0.016180336,0.02351142,0.032360673,0.03526713,0.04854101,0.0,0.0,0.01175571,0.016180336,0.02351142,0.032360673,0.03526713,0.04854101,0.0,0.0,0.01175571,0.016180336,0.02351142,0.032360673,0.03526713,0.04854101,0.03526713,0.05877855,0.04854101
1.56,0.0,0.0,0.013690947,0.014579367,0.027381893,0.029158734,0.04107284,0.0437381,0.0,0.0,0.013690947,0.014579367,0.027381893,0.029158734,0.04107284,0.0437381,0.0,0.0,0.013690947,0.014579367,0.027381893,0.029158734,0.04107284,0.0437381,0.0,0.0,0.013690947,0.014579367,0.027381893,0.029158734,0.04107284,0.0437381,0.04107284,0.068454735,0.0437381
1.5699999,0.0,0.0,0.01541027,0.012748473,0.03082054,0.025496947,0.046230808,0.03824542,0.0,0.0,0.01541027,0.012748473,0.03082054,0.025496947,0.046230808,0.03824542,0.0,0.0,0.01541027,0.012748473,0.03082054,0.025496947,0.046230808,0.03824542,0.0,0.0,0.01541027,0.012748473,0.03082054,0.025496947,0.046230808,0.03824542,0.046230808,0.07705135,0.03824542
1.5799999,0.0,0.0,0.016886562,0.010716528,0.033773124,0.021433055,0.05065969,0.032149583,0.0,0.0,0.016886562,0.010716528,0.033773124,0.021433055,0.05065969,0.032149583,0.0,0.0,0.016886562,0.010716528,0.033773124,0.021433055,0.05065969,0.032149583,0.0,0.0,0.016886562,0.010716528,0.033773124,0.021433055,0.05065969,0.032149583,0.05065969,0.08443282,0.032149583
1.5899999,0.0,0.0,0.018096529,0.008515611,0.036193058,0.017031223,0.054289587,0.025546834,0.0,0.0,0.018096529,0.008515611,0.036193058,0.017031223,0.054289587,0.025546834,0.0,0.0,0.018096529,0.008515611,0.036193058,0.017031223,0.054289587,0.025546834,0.0,0.0,0.018096529,0.008515611,0.036193058,0.017031223,0.054289587,0.025546834,0.054289587,0.090482645,0.025546834
1.5999999,0.0,0.0,0.019021122,0.0061803656,0.038042244,0.012360731,0.057063367,0.018541096,0.0,0.0,0.019021122,0.0061803656,0.038042244,0.012360731,0.057063367,0.018541096,0.0,0.0,0.019021122,0.0061803656,0.038042244,0.012360731,0.057063367,0.018541096,0.0,0.0,0.019021122,0.0061803656,0.038042244,0.012360731,0.057063367,0.018541096,0.057063367,0.09510561,0.018541096
1.61,0.0,0.0,0.019645747,0.0037476143,0.039291494,0.0074952287,0.05893724,0.011242842,0.0,0.0,0.019645747,0.0037476143,0.039291494,0.0074952287,0.05893724,0.011242842,0.0,0.0,0.019645747,0.0037476143,0.039291494,0.0074952287,0.05893724,0.011242842,0.0,0.0,0.019645747,0.0037476143,0.039291494,0.0074952287,0.05893724,0.011242842,0.05893724,0.09822874,0.011242842
1.62,0.0,0.0,0.019960536,0.0012557971,0.03992107,0.0025115942,0.059881605,0.0037673914,0.0,0.0,0.019960536,0.0012557971,0.03992107,0.0025115942,0.059881605,0.0037673914,0.0,0.0,0.019960536,0.0012557971,0.03992107,0.0025115942,0.059881605,0.0037673914,0.0,0.0,0.019960536,0.0012557971,0.03992107,0.0025115942,0.059881605,0.0037673914,0.059881605,0.09980268,0.0037673914
1.63,0.0,-0.0,0.019960534,-0.0012558246,0.039921068,-0.0025116492,0.059881598,-0.0037674736,0.0,-0.0,0.019960534,-0.0012558246,0.039921068,-0.0025116492,0.059881598,-0.0037674736,0.0,-0.0,0.019960534,-0.0012558246,0.039921068,-0.0025116492,0.059881598,-0.0037674736,0.0,-0.0,0.019960534,-0.0012558246,0.039921068,-0.0025116492,0.059881598,-0.0037674736,0.059881598,0.099802665,-0.0037674736
1.64,0.0,-0.0,0.019645741,-0.0037476413,0.039291482,-0.0074952827,0.058937225,-0.011242924,0.0,-0.0,0.019645741,-0.0037476413,0.039291482,-0.0074952827,0.058937225,-0.011242924,0.0,-0.0,0.019645741,-0.0037476413,0.039291482,-0.0074952827,0.058937225,-0.011242924,0.0,-0.0,0.019645741,-0.0037476413,0.039291482,-0.0074952827,0.058937225,-0.011242924,0.058937225,0.098228715,-0.011242924
1.65,0.0,-0.0,0.019021124,-0.0061803553,0.038042247,-0.012360711,0.057063375,-0.018541066,0.0,-0.0,0.019021124,-0.0061803553,0.038042247,-0.012360711,0.057063375,-0.018541066,0.0,-0.0,0.019021124,-0.0061803553,0.038042247,-0.012360711,0.057063375,-0.018541066,0.0,-0.0,0.019021124,-0.0061803553,0.038042247,-0.012360711,0.057063375,-0.018541066,0.057063375,0.095105626,-0.018541066
1.66,0.0,-0.0,0.018096535,-0.008515602,0.03619307,-0.017031204,0.0542896,-0.025546804,0.0,-0.0,0.018096535,-0.008515602,0.03619307,-0.017031204,0.0542896,-0.025546804,0.0,-0.0,0.018096535,-0.008515602,0.03619307,-0.017031204,0.0542896,-0.025546804,0.0,-0.0,0.018096535,-0.008515602,0.03619307,-0.017031204,0.0542896,-0.025546804,0.0542896,0.090482675,-0.025546804
1.67,0.0,-0.0,0.01688655,-0.010716551,0.0337731,-0.021433102,0.050659645,-0.032149654,0.0,-0.0,0.01688655,-0.010716551,0.0337731,-0.021433102,0.050659645,-0.032149654,0.0,-0.0,0.01688655,-0.010716551,0.0337731,-0.021433102,0.050659645,-0.032149654,0.0,-0.0,0.01688655,-0.010716551,0.0337731,-0.021433102,0.050659645,-0.032149654,0.050659645,0.08443274,-0.032149654
1.68,0.0,-0.0,0.015410276,-0.012748465,0.030820552,-0.02549693,0.04623083,-0.038245395,0.0,-0.0,0.015410276,-0.012748465,0.030820552,-0.02549693,0.04623083,-0.038245395,0.0,-0.0,0.015410276,-0.012748465,0.030820552,-0.02549693,0.04623083,-0.038245395,0.0,-0.0,0.015410276,-0.012748465,0.030820552,-0.02549693,0.04623083,-0.038245395,0.04623083,0.077051386,-0.038245395
1.6899999,0.0,-0.0,0.013690955,-0.01457936,0.02738191,-0.02915872,0.041072868,-0.043738082,0.0,-0.0,0.013690955,-0.01457936,0.02738191,-0.02915872,0.041072868,-0.043738082,0.0,-0.0,0.013690955,-0.01457936,0.02738191,-0.02915872,0.041072868,-0.043738082,0.0,-0.0,0.013690955,-0.01457936,0.02738191,-0.02915872,0.041072868,-0.043738082,0.041072868,0.06845478,-0.043738082
1.6999999,0.0,-0.0,0.011755718,-0.01618033,0.023511436,-0.03236066,0.035267152,-0.04854099,0.0,-0.0,0.011755718,-0.01618033,0.023511436,-0.03236066,0.035267152,-0.04854099,0.0,-0.0,0.011755718,-0.01618033,0.023511436,-0.03236066,0.035267152,-0.04854099,0.0,-0.0,0.011755718,-0.01618033,0.023511436,-0.03236066,0.035267152,-0.04854099,0.035267152,0.05877859,-0.04854099
1.7099999,0.0,-0.0,0.009635087,-0.017526126,0.019270174,-0.03505225,0.028905261,-0.052578375,0.0,-0.0,0.009635087,-0.017526126,0.019270174,-0.03505225,0.028905261,-0.052578375,0.0,-0.0,0.009635087,-0.017526126,0.019270174,-0.03505225,0.028905261,-0.052578375,0.0,-0.0,0.009635087,-0.017526126,0.019270174,-0.03505225,0.028905261,-0.052578375,0.028905261,0.048175436,-0.052578375
1.7199999,0.0,-0.0,0.0073625045,-0.018595524,0.014725009,-0.03719105,0.022087513,-0.05578657,0.0,-0.0,0.0073625045,-0.018595524,0.014725009,-0.03719105,0.022087513,-0.05578657,0.0,-0.0,0.0073625045,-0.018595524,0.014725009,-0.03719105,0.022087513,-0.05578657,0.0,-0.0,0.0073625045,-0.018595524,0.014725009,-0.03719105,0.022087513,-0.05578657,0.022087513,0.036812525,-0.05578657
1.73,0.0,-0.0,0.004973774,-0.01937167,0.009947548,-0.03874334,0.0149213215,-0.058115005,0.0,-0.0,0.004973774,-0.01937167,0.009947548,-0.03874334,0.0149213215,-0.058115005,0.0,-0.0,0.004973774,-0.01937167,0.009947548,-0.03874334,0.0149213215,-0.058115005,0.0,-0.0,0.004973774,-0.01937167,0.009947548,-0.03874334,0.0149213215,-0.058115005,0.0149213215,0.02486887,-0.058115005
1.74,0.0,-0.0,0.0025066393,-0.019842297,0.0050132787,-0.039684594,0.007519918,-0.05952689,0.0,-0.0,0.0025066393,-0.019842297,0.0050132787,-0.039684594,0.007519918,-0.05952689,0.0,-0.0,0.0025066393,-0.019842297,0.0050132787,-0.039684594,0.007519918,-0.05952689,0.0,-0.0,0.0025066393,-0.019842297,0.0050132787,-0.039684594,0.007519918,-0.05952689,0.007519918,0.012533197,-0.05952689
1.75,-0.0,-0.0,-2.6544303e-08,-0.02,-5.3088606e-08,-0.04,-7.9632905e-08,-0.06,-0.0,-0.0,-2.6544303e-08,-0.02,-5.3088606e-08,-0.04,-7.9632905e-08,-0.06,-0.0,-0.0,-2.6544303e-08,-0.02,-5.3088606e-08,-0.04,-7.9632905e-08,-0.06,-0.0,-0.0,-2.6544303e-08,-0.02,-5.3088606e-08,-0.04,-7.9632905e-08,-0.06,-7.9632905e-08,-1.3272152e-07,-0.06
1.76,-0.0,-0.0,-0.002506692,-0.019842291,-0.005013384,-0.039684583,-0.0075200764,-0.059526872,-0.0,-0.0,-0.002506692,-0.019842291,-0.005013384,-0.039684583,-0.0075200764,-0.059526872,-0.0,-0.0,-0.002506692,-0.019842291,-0.005013384,-0.039684583,-0.0075200764,-0.059526872,-0.0,-0.0,-0.002506692,-0.019842291,-0.005013384,-0.039684583,-0.0075200764,-0.059526872,-0.0075200764,-0.012533461,-0.059526872
1.77,-0.0,-0.0,-0.0049737883,-0.019371666,-0.009947577,-0.038743332,-0.014921365,-0.058114994,-0.0,-0.0,-0.0049737883,-0.019371666,-0.009947577,-0.038743332,-0.014921365,-0.058114994,-0.0,-0.0,-0.0049737883,-0.019371666,-0.009947577,-0.038743332,-0.014921365,-0.058114994,-0.0,-0.0,-0.0049737883,-0.019371666,-0.009947577,-0.038743332,-0.014921365,-0.058114994,-0.014921365,-0.024868943,-0.058114994
1.78,-0.0,-0.0,-0.007362483,-0.018595533,-0.014724966,-0.037191067,-0.02208745,-0.0557866,-0.0,-0.0,-0.007362483,-0.018595533,-0.014724966,-0.037191067,-0.02208745,-0.0557866,-0.0,-0.0,-0.007362483,-0.018595533,-0.014724966,-0.037191067,-0.02208745,-0.0557866,-0.0,-0.0,-0.007362483,-0.018595533,-0.014724966,-0.037191067,-0.02208745,-0.0557866,-0.02208745,-0.036812417,-0.0557866
1.79,-0.0,-0.0,-0.009635067,-0.017526137,-0.019270133,-0.035052273,-0.0289052,-0.05257841,-0.0,-0.0,-0.009635067,-0.017526137,-0.019270133,-0.035052273,-0.0289052,-0.05257841,-0.0,-0.0,-0.009635067,-0.017526137,-0.019270133,-0.035052273,-0.0289052,-0.05257841,-0.0,-0.0,-0.009635067,-0.017526137,-0.019270133,-0.035052273,-0.0289052,-0.05257841,-0.0289052,-0.048175335,-0.05257841
1.8,-0.0,-0.0,-0.0117557,-0.016180344,-0.0235114,-0.032360688,-0.0352671,-0.048541028,-0.0,-0.0,-0.0117557,-0.016180344,-0.0235114,-0.032360688,-0.0352671,-0.048541028,-0.0,-0.0,-0.0117557,-0.016180344,-0.0235114,-0.032360688,-0.0352671,-0.048541028,-0.0,-0.0,-0.0117557,-0.016180344,-0.0235114,-0.032360688,-0.0352671,-0.048541028,-0.0352671,-0.058778502,-0.048541028
1.81,-0.0,-0.0,-0.013690937,-0.014579375,-0.027381875,-0.02915875,-0.041072812,-0.043738127,-0.0,-0.0,-0.013690937,-0.014579375,-0.027381875,-0.02915875,-0.041072812,-0.043738127,-0.0,-0.0,-0.013690937,-0.014579375,-0.027381875,-0.02915875,-0.041072812,-0.043738127,-0.0,-0.0,-0.013690937,-0.014579375,-0.027381875,-0.02915875,-0.041072812,-0.043738127,-0.041072812,-0.06845469,-0.043738127
1.8199999,-0.0,-0.0,-0.015410262,-0.012748484,-0.030820524,-0.025496967,-0.046230786,-0.03824545,-0.0,-0.0,-0.015410262,-0.012748484,-0.030820524,-0.025496967,-0.046230786,-0.03824545,-0.0,-0.0,-0.015410262,-0.012748484,-0.030820524,-0.025496967,-0.046230786,-0.03824545,-0.0,-0.0,-0.015410262,-0.012748484,-0.030820524,-0.025496967,-0.046230786,-0.03824545,-0.046230786,-0.07705131,-0.03824545
1.8299999,-0.0,-0.0,-0.016886557,-0.010716538,-0.033773113,-0.021433076,-0.050659668,-0.032149613,-0.0,-0.0,-0.016886557,-0.010716538,-0.033773113,-0.021433076,-0.050659668,-0.032149613,-0.0,-0.0,-0.016886557,-0.010716538,-0.033773113,-0.021433076,-0.050659668,-0.032149613,-0.0,-0.0,-0.016886557,-0.010716538,-0.033773113,-0.021433076,-0.050659668,-0.032149613,-0.050659668,-0.08443278,-0.032149613
1.8399999,-0.0,-0.0,-0.01809654,-0.008515588,-0.03619308,-0.017031176,-0.05428962,-0.025546763,-0.0,-0.0,-0.01809654,-0.008515588,-0.03619308,-0.017031176,-0.05428962,-0.025546763,-0.0,-0.0,-0.01809654,-0.008515588,-0.03619308,-0.017031176,-0.05428962,-0.025546763,-0.0,-0.0,-0.01809654,-0.008515588,-0.03619308,-0.017031176,-0.05428962,-0.025546763,-0.05428962,-0.090482704,-0.025546763
1.8499999,-0.0,-0.0,-0.01902113,-0.006180341,-0.03804226,-0.012360682,-0.057063386,-0.018541023,-0.0,-0.0,-0.01902113,-0.006180341,-0.03804226,-0.012360682,-0.057063386,-0.018541023,-0.0,-0.0,-0.01902113,-0.006180341,-0.03804226,-0.012360682,-0.057063386,-0.018541023,-0.0,-0.0,-0.01902113,-0.006180341,-0.03804226,-0.012360682,-0.057063386,-0.018541023,-0.057063386,-0.09510565,-0.018541023
1.86,-0.0,-0.0,-0.019645745,-0.0037476264,-0.03929149,-0.007495253,-0.058937233,-0.01124288,-0.0,-0.0,-0.019645745,-0.0037476264,-0.03929149,-0.007495253,-0.058937233,-0.01124288,-0.0,-0.0,-0.019645745,-0.0037476264,-0.03929149,-0.007495253,-0.058937233,-0.01124288,-0.0,-0.0,-0.019645745,-0.0037476264,-0.03929149,-0.007495253,-0.058937233,-0.01124288,-0.058937233,-0.09822872,-0.01124288
1.87,-0.0,-0.0,-0.019960534,-0.0012558097,-0.039921068,-0.0025116194,-0.0598816,-0.003767429,-0.0,-0.0,-0.019960534,-0.0012558097,-0.039921068,-0.0025116194,-0.0598816,-0.003767429,-0.0,-0.0,-0.019960534,-0.0012558097,-0.039921068,-0.0025116194,-0.0598816,-0.003767429,-0.0,-0.0,-0.019960534,-0.0012558097,-0.039921068,-0.0025116194,-0.0598816,-0.003767429,-0.0598816,-0.09980267,-0.003767429
1.88,-0.0,0.0,-0.019960534,0.001255812,-0.039921068,0.002511624,-0.0598816,0.0037674361,-0.0,0.0,-0.019960534,0.001255812,-0.039921068,0.002511624,-0.0598816,0.0037674361,-0.0,0.0,-0.019960534,0.001255812,-0.039921068,0.002511624,-0.0598816,0.0037674361,-0.0,0.0,-0.019960534,0.001255812,-0.039921068,0.002511624,-0.0598816,0.0037674361,-0.0598816,-0.09980267,0.0037674361
1.89,-0.0,0.0,-0.019645745,0.0037476288,-0.03929149,0.0074952575,-0.058937233,0.011242886,-0.0,0.0,-0.019645745,0.0037476288,-0.03929149,0.0074952575,-0.058937233,0.011242886,-0.0,0.0,-0.019645745,0.0037476288,-0.03929149,0.0074952575,-0.058937233,0.011242886,-0.0,0.0,-0.019645745,0.0037476288,-0.03929149,0.0074952575,-0.058937233,0.011242886,-0.058937233,-0.09822872,0.011242886
1.9,-0.0,0.0,-0.01902113,0.0061803437,-0.03804226,0.012360687,-0.057063386,0.01854103,-0.0,0.0,-0.01902113,0.0061803437,-0.03804226,0.012360687,-0.057063386,0.01854103,-0.0,0.0,-0.01902113,0.0061803437,-0.03804226,0.012360687,-0.057063386,0.01854103,-0.0,0.0,-0.01902113,0.0061803437,-0.03804226,0.012360687,-0.057063386,0.01854103,-0.057063386,-0.09510565,0.01854103
1.91,-0.0,0.0,-0.018096538,0.00851559,-0.036193077,0.01703118,-0.054289617,0.02554677,-0.0,0.0,-0.018096538,0.00851559,-0.036193077,0.01703118,-0.054289617,0.02554677,-0.0,0.0,-0.018096538,0.00851559,-0.036193077,0.01703118,-0.054289617,0.02554677,-0.0,0.0,-0.018096538,0.00851559,-0.036193077,0.01703118,-0.054289617,0.02554677,-0.054289617,-0.0904827,0.02554677
1.92,-0.0,0.0,-0.016886555,0.010716541,-0.03377311,0.021433081,-0.050659664,0.03214962,-0.0,0.0,-0.016886555,0.010716541,-0.03377311,0.021433081,-0.050659664,0.03214962,-0.0,0.0,-0.016886555,0.010716541,-0.03377311,0.021433081,-0.050659664,0.03214962,-0.0,0.0,-0.016886555,0.010716541,-0.03377311,0.021433081,-0.050659664,0.03214962,-0.050659664,-0.08443277,0.03214962
1.93,-0.0,0.0,-0.015410259,0.0127484845,-0.030820519,0.025496969,-0.046230778,0.038245454,-0.0,0.0,-0.015410259,0.0127484845,-0.030820519,0.025496969,-0.046230778,0.038245454,-0.0,0.0,-0.015410259,0.0127484845,-0.030820519,0.025496969,-0.046230778,0.038245454,-0.0,0.0,-0.015410259,0.0127484845,-0.030820519,0.025496969,-0.046230778,0.038245454,-0.046230778,-0.077051304,0.038245454
1.9399999,-0.0,0.0,-0.013690936,0.014579378,-0.027381873,0.029158756,-0.04107281,0.043738134,-0.0,0.0,-0.013690936,0.014579378,-0.027381873,0.029158756,-0.04107281,0.043738134,-0.0,0.0,-0.013690936,0.014579378,-0.027381873,0.029158756,-0.04107281,0.043738134,-0.0,0.0,-0.013690936,0.014579378,-0.027381873,0.029158756,-0.04107281,0.043738134,-0.04107281,-0.06845468,0.043738134
1.9499999,-0.0,0.0,-0.011755697,0.016180344,-0.023511395,0.032360688,-0.035267092,0.04854103,-0.0,0.0,-0.011755697,0.016180344,-0.023511395,0.032360688,-0.035267092,0.04854103,-0.0,0.0,-0.011755697,0.016180344,-0.023511395,0.032360688,-0.035267092,0.04854103,-0.0,0.0,-0.011755697,0.016180344,-0.023511395,0.032360688,-0.035267092,0.04854103,-0.035267092,-0.05877849,0.04854103
1.9599999,-0.0,0.0,-0.009635065,0.017526137,-0.01927013,0.035052273,-0.028905192,0.052578412,-0.0,0.0,-0.009635065,0.017526137,-0.01927013,0.035052273,-0.028905192,0.052578412,-0.0,0.0,-0.009635065,0.017526137,-0.01927013,0.035052273,-0.028905192,0.052578412,-0.0,0.0,-0.009635065,0.017526137,-0.01927013,0.035052273,-0.028905192,0.052578412,-0.028905192,-0.048175324,0.052578412
1.9699999,-0.0,0.0,-0.007362516,0.01859552,-0.014725032,0.03719104,-0.02208755,0.05578656,-0.0,0.0,-0.007362516,0.01859552,-0.014725032,0.03719104,-0.02208755,0.05578656,-0.0,0.0,-0.007362516,0.01859552,-0.014725032,0.03719104,-0.02208755,0.05578656,-0.0,0.0,-0.007362516,0.01859552,-0.014725032,0.03719104,-0.02208755,0.05578656,-0.02208755,-0.036812585,0.05578656
1.9799999,-0.0,0.0,-0.004973823,0.019371655,-0.009947646,0.03874331,-0.014921469,0.05811497,-0.0,0.0,-0.004973823,0.019371655,-0.009947646,0.03874331,-0.014921469,0.05811497,-0.0,0.0,-0.004973823,0.019371655,-0.009947646,0.03874331,-0.014921469,0.05811497,-0.0,0.0,-0.004973823,0.019371655,-0.009947646,0.03874331,-0.014921469,0.05811497,-0.014921469,-0.024869116,0.05811497
1.99,-0.0,0.0,-0.002506652,0.019842295,-0.005013304,0.03968459,-0.0075199553,0.059526887,-0.0,0.0,-0.002506652,0.019842295,-0.005013304,0.03968459,-0.0075199553,0.059526887,-0.0,0.0,-0.002506652,0.019842295,-0.005013304,0.03968459,-0.0075199553,0.059526887,-0.0,0.0,-0.002506652,0.019842295,-0.005013304,0.03968459,-0.0075199553,0.059526887,-0.0075199553,-0.01253326,0.059526887
