time,N1_dy,N2_dy,N3_dy,N4_dy,N5_dy,N6_dy,N7_dy
0,0,0,0,0,0,0,0
0.005,0,0.156976,0.271891,0.313953,0.271891,0.156976,0
0.01,0,0.313333,0.542709,0.626666,0.542709,0.313333,0
0.015,0,0.468453,0.811385,0.936907,0.811385,0.468453,0
0.02,0,0.621725,1.076859,1.243449,1.076859,0.621725,0
0.025,0,0.772542,1.338083,1.545085,1.338083,0.772542,0
0.03,0,0.920311,1.594026,1.840623,1.594026,0.920311,0
0.035,0,1.064448,1.843678,2.128896,1.843678,1.064448,0
0.04,0,1.204384,2.086055,2.408768,2.086055,1.204384,0
0.045,0,1.339567,2.320198,2.679134,2.320198,1.339567,0
0.05,0,1.469463,2.545185,2.938926,2.545185,1.469463,0
0.055,0,1.59356,2.760127,3.18712,2.760127,1.59356,0
0.06,0,1.711368,2.964176,3.422736,2.964176,1.711368,0
0.065,0,1.822422,3.156527,3.644843,3.156527,1.822422,0
0.07,0,1.926283,3.33642,3.852566,3.33642,1.926283,0
0.075,0,2.022542,3.503146,4.045085,3.503146,2.022542,0
0.08,0,2.11082,3.656047,4.22164,3.656047,2.11082,0
0.085,0,2.190767,3.794519,4.381533,3.794519,2.190767,0
0.09,0,2.262068,3.918016,4.524135,3.918016,2.262068,0
0.095,0,2.324441,4.02605,4.648882,4.02605,2.324441,0
0.1,0,2.377641,4.118196,4.755283,4.118196,2.377641,0
0.105,0,2.421458,4.194088,4.842916,4.194088,2.421458,0
0.11,0,2.455718,4.253429,4.911436,4.253429,2.455718,0
0.115,0,2.480287,4.295983,4.960574,4.295983,2.480287,0
0.12,0,2.495067,4.321583,4.990134,4.321583,2.495067,0
0.125,0,2.5,4.330127,5,4.330127,2.5,0
0.13,0,2.495067,4.321583,4.990134,4.321583,2.495067,0
0.135,0,2.480287,4.295983,4.960574,4.295983,2.480287,0
0.14,0,2.455718,4.253429,4.911436,4.253429,2.455718,0
0.145,0,2.421458,4.194088,4.842916,4.194088,2.421458,0
0.15,0,2.377641,4.118196,4.755283,4.118196,2.377641,0
0.155,0,2.324441,4.02605,4.648882,4.02605,2.324441,0
0.16,0,2.262068,3.918016,4.524135,3.918016,2.262068,0
0.165,0,2.190767,3.794519,4.381533,3.794519,2.190767,0
0.17,0,2.11082,3.656047,4.22164,3.656047,2.11082,0
0.175,0,2.022542,3.503146,4.045085,3.503146,2.022542,0
0.18,0,1.926283,3.33642,3.852566,3.33642,1.926283,0
0.185,0,1.822422,3.156527,3.644843,3.156527,1.822422,0
0.19,0,1.711368,2.964176,3.422736,2.964176,1.711368,0
0.195,0,1.59356,2.760127,3.18712,2.760127,1.59356,0
0.2,0,1.469463,2.545185,2.938926,2.545185,1.469463,0
0.205,0,1.339567,2.320198,2.679134,2.320198,1.339567,0
0.21,0,1.204384,2.086055,2.408768,2.086055,1.204384,0
0.215,0,1.064448,1.843678,2.128896,1.843678,1.064448,0
0.22,0,0.920311,1.594026,1.840623,1.594026,0.920311,0
0.225,0,0.772542,1.338083,1.545085,1.338083,0.772542,0
0.23,0,0.621725,1.076859,1.243449,1.076859,0.621725,0
0.235,0,0.468453,0.811385,0.936907,0.811385,0.468453,0
0.24,0,0.313333,0.542709,0.626666,0.542709,0.313333,0
0.245,0,0.156976,0.271891,0.313953,0.271891,0.156976,0
0.25,0,0,0,0,0,0,0
0.255,0,-0.156976,-0.271891,-0.313953,-0.271891,-0.156976,0
0.26,0,-0.313333,-0.542709,-0.626666,-0.542709,-0.313333,0
0.265,0,-0.468453,-0.811385,-0.936907,-0.811385,-0.468453,0
0.27,0,-0.621725,-1.076859,-1.243449,-1.076859,-0.621725,0
0.275,0,-0.772542,-1.338083,-1.545085,-1.338083,-0.772542,0
0.28,0,-0.920311,-1.594026,-1.840623,-1.594026,-0.920311,0
0.285,0,-1.064448,-1.843678,-2.128896,-1.843678,-1.064448,0
0.29,0,-1.204384,-2.086055,-2.408768,-2.086055,-1.204384,0
0.295,0,-1.339567,-2.320198,-2.679134,-2.320198,-1.339567,0
0.3,0,-1.469463,-2.545185,-2.938926,-2.545185,-1.469463,0
0.305,0,-1.59356,-2.760127,-3.18712,-2.760127,-1.59356,0
0.31,0,-1.711368,-2.964176,-3.422736,-2.964176,-1.711368,0
0.315,0,-1.822422,-3.156527,-3.644843,-3.156527,-1.822422,0
0.32,0,-1.926283,-3.33642,-3.852566,-3.33642,-1.926283,0
0.325,0,-2.022542,-3.503146,-4.045085,-3.503146,-2.022542,0
0.33,0,-2.11082,-3.656047,-4.22164,-3.656047,-2.11082,0
0.335,0,-2.190767,-3.794519,-4.381533,-3.794519,-2.190767,0
0.34,0,-2.262068,-3.918016,-4.524135,-3.918016,-2.262068,0
0.345,0,-2.324441,-4.02605,-4.648882,-4.02605,-2.324441,0
0.35,0,-2.377641,-4.118196,-4.755283,-4.118196,-2.377641,0
0.355,0,-2.421458,-4.194088,-4.842916,-4.194088,-2.421458,0
0.36,0,-2.455718,-4.253429,-4.911436,-4.253429,-2.455718,0
0.365,0,-2.480287,-4.295983,-4.960574,-4.295983,-2.480287,0
0.37,0,-2.495067,-4.321583,-4.990134,-4.321583,-2.495067,0
0.375,0,-2.5,-4.330127,-5,-4.330127,-2.5,0
0.38,0,-2.495067,-4.321583,-4.990134,-4.321583,-2.495067,0
0.385,0,-2.480287,-4.295983,-4.960574,-4.295983,-2.480287,0
0.39,0,-2.455718,-4.253429,-4.911436,-4.253429,-2.455718,0
0.395,0,-2.421458,-4.194088,-4.842916,-4.194088,-2.421458,0
0.4,0,-2.377641,-4.118196,-4.755283,-4.118196,-2.377641,0
0.405,0,-2.324441,-4.02605,-4.648882,-4.02605,-2.324441,0
0.41,0,-2.262068,-3.918016,-4.524135,-3.918016,-2.262068,0
0.415,0,-2.190767,-3.794519,-4.381533,-3.794519,-2.190767,0
0.42,0,-2.11082,-3.656047,-4.22164,-3.656047,-2.11082,0
0.425,0,-2.022542,-3.503146,-4.045085,-3.503146,-2.022542,0
0.43,0,-1.926283,-3.33642,-3.852566,-3.33642,-1.926283,0
0.435,0,-1.822422,-3.156527,-3.644843,-3.156527,-1.822422,0
0.44,0,-1.711368,-2.964176,-3.422736,-2.964176,-1.711368,0
0.445,0,-1.59356,-2.760127,-3.18712,-2.760127,-1.59356,0
0.45,0,-1.469463,-2.545185,-2.938926,-2.545185,-1.469463,0
0.455,0,-1.339567,-2.320198,-2.679134,-2.320198,-1.339567,0
0.46,0,-1.204384,-2.086055,-2.408768,-2.086055,-1.204384,0
0.465,0,-1.064448,-1.843678,-2.128896,-1.843678,-1.064448,0
0.47,0,-0.920311,-1.594026,-1.840623,-1.594026,-0.920311,0
0.475,0,-0.772542,-1.338083,-1.545085,-1.338083,-0.772542,0
0.48,0,-0.621725,-1.076859,-1.243449,-1.076859,-0.621725,0
0.485,0,-0.468453,-0.811385,-0.936907,-0.811385,-0.468453,0
0.49,0,-0.313333,-0.542709,-0.626666,-0.542709,-0.313333,0
0.495,0,-0.156976,-0.271891,-0.313953,-0.271891,-0.156976,0
0.5,0,0,0,0,0,0,0
0.505,0,0.156976,0.271891,0.313953,0.271891,0.156976,0
0.51,0,0.313333,0.542709,0.626666,0.542709,0.313333,0
0.515,0,0.468453,0.811385,0.936907,0.811385,0.468453,0
0.52,0,0.621725,1.076859,1.243449,1.076859,0.621725,0
0.525,0,0.772542,1.338083,1.545085,1.338083,0.772542,0
0.53,0,0.920311,1.594026,1.840623,1.594026,0.920311,0
0.535,0,1.064448,1.843678,2.128896,1.843678,1.064448,0
0.54,0,1.204384,2.086055,2.408768,2.086055,1.204384,0
0.545,0,1.339567,2.320198,2.679134,2.320198,1.339567,0
0.55,0,1.469463,2.545185,2.938926,2.545185,1.469463,0
0.555,0,1.59356,2.760127,3.18712,2.760127,1.59356,0
0.56,0,1.711368,2.964176,3.422736,2.964176,1.711368,0
0.565,0,1.822422,3.156527,3.644843,3.156527,1.822422,0
0.57,0,1.926283,3.33642,3.852566,3.33642,1.926283,0
0.575,0,2.022542,3.503146,4.045085,3.503146,2.022542,0
0.58,0,2.11082,3.656047,4.22164,3.656047,2.11082,0
0.585,0,2.190767,3.794519,4.381533,3.794519,2.190767,0
0.59,0,2.262068,3.918016,4.524135,3.918016,2.262068,0
0.595,0,2.324441,4.02605,4.648882,4.02605,2.324441,0
0.6,0,2.377641,4.118196,4.755283,4.118196,2.377641,0
0.605,0,2.421458,4.194088,4.842916,4.194088,2.421458,0
0.61,0,2.455718,4.253429,4.911436,4.253429,2.455718,0
0.615,0,2.480287,4.295983,4.960574,4.295983,2.480287,0
0.62,0,2.495067,4.321583,4.990134,4.321583,2.495067,0
0.625,0,2.5,4.330127,5,4.330127,2.5,0
0.63,0,2.495067,4.321583,4.990134,4.321583,2.495067,0
0.635,0,2.480287,4.295983,4.960574,4.295983,2.480287,0
0.64,0,2.455718,4.253429,4.911436,4.253429,2.455718,0
0.645,0,2.421458,4.194088,4.842916,4.194088,2.421458,0
0.65,0,2.377641,4.118196,4.755283,4.118196,2.377641,0
0.655,0,2.324441,4.02605,4.648882,4.02605,2.324441,0
0.66,0,2.262068,3.918016,4.524135,3.918016,2.262068,0
0.665,0,2.190767,3.794519,4.381533,3.794519,2.190767,0
0.67,0,2.11082,3.656047,4.22164,3.656047,2.11082,0
0.675,0,2.022542,3.503146,4.045085,3.503146,2.022542,0
0.68,0,1.926283,3.33642,3.852566,3.33642,1.926283,0
0.685,0,1.822422,3.156527,3.644843,3.156527,1.822422,0
0.69,0,1.711368,2.964176,3.422736,2.964176,1.711368,0
0.695,0,1.59356,2.760127,3.18712,2.760127,1.59356,0
0.7,0,1.469463,2.545185,2.938926,2.545185,1.469463,0
0.705,0,1.339567,2.320198,2.679134,2.320198,1.339567,0
0.71,0,1.204384,2.086055,2.408768,2.086055,1.204384,0
0.715,0,1.064448,1.843678,2.128896,1.843678,1.064448,0
0.72,0,0.920311,1.594026,1.840623,1.594026,0.920311,0
0.725,0,0.772542,1.338083,1.545085,1.338083,0.772542,0
0.73,0,0.621725,1.076859,1.243449,1.076859,0.621725,0
0.735,0,0.468453,0.811385,0.936907,0.811385,0.468453,0
0.74,0,0.313333,0.542709,0.626666,0.542709,0.313333,0
0.745,0,0.156976,0.271891,0.313953,0.271891,0.156976,0
0.75,0,0,0,0,0,0,0
0.755,0,-0.156976,-0.271891,-0.313953,-0.271891,-0.156976,0
0.76,0,-0.313333,-0.542709,-0.626666,-0.542709,-0.313333,0
0.765,0,-0.468453,-0.811385,-0.936907,-0.811385,-0.468453,0
0.77,0,-0.621725,-1.076859,-1.243449,-1.076859,-0.621725,0
0.775,0,-0.772542,-1.338083,-1.545085,-1.338083,-0.772542,0
0.78,0,-0.920311,-1.594026,-1.840623,-1.594026,-0.920311,0
0.785,0,-1.064448,-1.843678,-2.128896,-1.843678,-1.064448,0
0.79,0,-1.204384,-2.086055,-2.408768,-2.086055,-1.204384,0
0.795,0,-1.339567,-2.320198,-2.679134,-2.320198,-1.339567,0
0.8,0,-1.469463,-2.545185,-2.938926,-2.545185,-1.469463,0
0.805,0,-1.59356,-2.760127,-3.18712,-2.760127,-1.59356,0
0.81,0,-1.711368,-2.964176,-3.422736,-2.964176,-1.711368,0
0.815,0,-1.822422,-3.156527,-3.644843,-3.156527,-1.822422,0
0.82,0,-1.926283,-3.33642,-3.852566,-3.33642,-1.926283,0
0.825,0,-2.022542,-3.503146,-4.045085,-3.503146,-2.022542,0
0.83,0,-2.11082,-3.656047,-4.22164,-3.656047,-2.11082,0
0.835,0,-2.190767,-3.794519,-4.381533,-3.794519,-2.190767,0
0.84,0,-2.262068,-3.918016,-4.524135,-3.918016,-2.262068,0
0.845,0,-2.324441,-4.02605,-4.648882,-4.02605,-2.324441,0
0.85,0,-2.377641,-4.118196,-4.755283,-4.118196,-2.377641,0
0.855,0,-2.421458,-4.194088,-4.842916,-4.194088,-2.421458,0
0.86,0,-2.455718,-4.253429,-4.911436,-4.253429,-2.455718,0
0.865,0,-2.480287,-4.295983,-4.960574,-4.295983,-2.480287,0
0.87,0,-2.495067,-4.321583,-4.990134,-4.321583,-2.495067,0
0.875,0,-2.5,-4.330127,-5,-4.330127,-2.5,0
0.88,0,-2.495067,-4.321583,-4.990134,-4.321583,-2.495067,0
0.885,0,-2.480287,-4.295983,-4.960574,-4.295983,-2.480287,0
0.89,0,-2.455718,-4.253429,-4.911436,-4.253429,-2.455718,0
0.895,0,-2.421458,-4.194088,-4.842916,-4.194088,-2.421458,0
0.9,0,-2.377641,-4.118196,-4.755283,-4.118196,-2.377641,0
0.905,0,-2.324441,-4.02605,-4.648882,-4.02605,-2.324441,0
0.91,0,-2.262068,-3.918016,-4.524135,-3.918016,-2.262068,0
0.915,0,-2.190767,-3.794519,-4.381533,-3.794519,-2.190767,0
0.92,0,-2.11082,-3.656047,-4.22164,-3.656047,-2.11082,0
0.925,0,-2.022542,-3.503146,-4.045085,-3.503146,-2.022542,0
0.93,0,-1.926283,-3.33642,-3.852566,-3.33642,-1.926283,0
0.935,0,-1.822422,-3.156527,-3.644843,-3.156527,-1.822422,0
0.94,0,-1.711368,-2.964176,-3.422736,-2.964176,-1.711368,0
0.945,0,-1.59356,-2.760127,-3.18712,-2.760127,-1.59356,0
0.95,0,-1.469463,-2.545185,-2.938926,-2.545185,-1.469463,0
0.955,0,-1.339567,-2.320198,-2.679134,-2.320198,-1.339567,0
0.96,0,-1.204384,-2.086055,-2.408768,-2.086055,-1.204384,0
0.965,0,-1.064448,-1.843678,-2.128896,-1.843678,-1.064448,0
0.97,0,-0.920311,-1.594026,-1.840623,-1.594026,-0.920311,0
0.975,0,-0.772542,-1.338083,-1.545085,-1.338083,-0.772542,0
0.98,0,-0.621725,-1.076859,-1.243449,-1.076859,-0.621725,0
0.985,0,-0.468453,-0.811385,-0.936907,-0.811385,-0.468453,0
0.99,0,-0.313333,-0.542709,-0.626666,-0.542709,-0.313333,0
0.995,0,-0.156976,-0.271891,-0.313953,-0.271891,-0.156976,0
1,0,0,0,0,0,0,0
1.005,0,0.156976,0.271891,0.313953,0.271891,0.156976,0
1.01,0,0.313333,0.542709,0.626666,0.542709,0.313333,0
1.015,0,0.468453,0.811385,0.936907,0.811385,0.468453,0
1.02,0,0.621725,1.076859,1.243449,1.076859,0.621725,0
1.025,0,0.772542,1.338083,1.545085,1.338083,0.772542,0
1.03,0,0.920311,1.594026,1.840623,1.594026,0.920311,0
1.035,0,1.064448,1.843678,2.128896,1.843678,1.064448,0
1.04,0,1.204384,2.086055,2.408768,2.086055,1.204384,0
1.045,0,1.339567,2.320198,2.679134,2.320198,1.339567,0
1.05,0,1.469463,2.545185,2.938926,2.545185,1.469463,0
1.055,0,1.59356,2.760127,3.18712,2.760127,1.59356,0
1.06,0,1.711368,2.964176,3.422736,2.964176,1.711368,0
1.065,0,1.822422,3.156527,3.644843,3.156527,1.822422,0
1.07,0,1.926283,3.33642,3.852566,3.33642,1.926283,0
1.075,0,2.022542,3.503146,4.045085,3.503146,2.022542,0
1.08,0,2.11082,3.656047,4.22164,3.656047,2.11082,0
1.085,0,2.190767,3.794519,4.381533,3.794519,2.190767,0
1.09,0,2.262068,3.918016,4.524135,3.918016,2.262068,0
1.095,0,2.324441,4.02605,4.648882,4.02605,2.324441,0
1.1,0,2.377641,4.118196,4.755283,4.118196,2.377641,0
1.105,0,2.421458,4.194088,4.842916,4.194088,2.421458,0
1.11,0,2.455718,4.253429,4.911436,4.253429,2.455718,0
1.115,0,2.480287,4.295983,4.960574,4.295983,2.480287,0
1.12,0,2.495067,4.321583,4.990134,4.321583,2.495067,0
1.125,0,2.5,4.330127,5,4.330127,2.5,0
1.13,0,2.495067,4.321583,4.990134,4.321583,2.495067,0
1.135,0,2.480287,4.295983,4.960574,4.295983,2.480287,0
1.14,0,2.455718,4.253429,4.911436,4.253429,2.455718,0
1.145,0,2.421458,4.194088,4.842916,4.194088,2.421458,0
1.15,0,2.377641,4.118196,4.755283,4.118196,2.377641,0
1.155,0,2.324441,4.02605,4.648882,4.02605,2.324441,0
1.16,0,2.262068,3.918016,4.524135,3.918016,2.262068,0
1.165,0,2.190767,3.794519,4.381533,3.794519,2.190767,0
1.17,0,2.11082,3.656047,4.22164,3.656047,2.11082,0
1.175,0,2.022542,3.503146,4.045085,3.503146,2.022542,0
1.18,0,1.926283,3.33642,3.852566,3.33642,1.926283,0
1.185,0,1.822422,3.156527,3.644843,3.156527,1.822422,0
1.19,0,1.711368,2.964176,3.422736,2.964176,1.711368,0
1.195,0,1.59356,2.760127,3.18712,2.760127,1.59356,0
1.2,0,1.469463,2.545185,2.938926,2.545185,1.469463,0
1.205,0,1.339567,2.320198,2.679134,2.320198,1.339567,0
1.21,0,1.204384,2.086055,2.408768,2.086055,1.204384,0
1.215,0,1.064448,1.843678,2.128896,1.843678,1.064448,0
1.22,0,0.920311,1.594026,1.840623,1.594026,0.920311,0
1.225,0,0.772542,1.338083,1.545085,1.338083,0.772542,0
1.23,0,0.621725,1.076859,1.243449,1.076859,0.621725,0
1.235,0,0.468453,0.811385,0.936907,0.811385,0.468453,0
1.24,0,0.313333,0.542709,0.626666,0.542709,0.313333,0
1.245,0,0.156976,0.271891,0.313953,0.271891,0.156976,0
1.25,0,0,0,0,0,0,0
1.255,0,-0.156976,-0.271891,-0.313953,-0.271891,-0.156976,0
1.26,0,-0.313333,-0.542709,-0.626666,-0.542709,-0.313333,0
1.265,0,-0.468453,-0.811385,-0.936907,-0.811385,-0.468453,0
1.27,0,-0.621725,-1.076859,-1.243449,-1.076859,-0.621725,0
1.275,0,-0.772542,-1.338083,-1.545085,-1.338083,-0.772542,0
1.28,0,-0.920311,-1.594026,-1.840623,-1.594026,-0.920311,0
1.285,0,-1.064448,-1.843678,-2.128896,-1.843678,-1.064448,0
1.29,0,-1.204384,-2.086055,-2.408768,-2.086055,-1.204384,0
1.295,0,-1.339567,-2.320198,-2.679134,-2.320198,-1.339567,0
1.3,0,-1.469463,-2.545185,-2.938926,-2.545185,-1.469463,0
1.305,0,-1.59356,-2.760127,-3.18712,-2.760127,-1.59356,0
1.31,0,-1.711368,-2.964176,-3.422736,-2.964176,-1.711368,0
1.315,0,-1.822422,-3.156527,-3.644843,-3.156527,-1.822422,0
1.32,0,-1.926283,-3.33642,-3.852566,-3.33642,-1.926283,0
1.325,0,-2.022542,-3.503146,-4.045085,-3.503146,-2.022542,0
1.33,0,-2.11082,-3.656047,-4.22164,-3.656047,-2.11082,0
1.335,0,-2.190767,-3.794519,-4.381533,-3.794519,-2.190767,0
1.34,0,-2.262068,-3.918016,-4.524135,-3.918016,-2.262068,0
1.345,0,-2.324441,-4.02605,-4.648882,-4.02605,-2.324441,0
1.35,0,-2.377641,-4.118196,-4.755283,-4.118196,-2.377641,0
1.355,0,-2.421458,-4.194088,-4.842916,-4.194088,-2.421458,0
1.36,0,-2.455718,-4.253429,-4.911436,-4.253429,-2.455718,0
1.365,0,-2.480287,-4.295983,-4.960574,-4.295983,-2.480287,0
1.37,0,-2.495067,-4.321583,-4.990134,-4.321583,-2.495067,0
1.375,0,-2.5,-4.330127,-5,-4.330127,-2.5,0
1.38,0,-2.495067,-4.321583,-4.990134,-4.321583,-2.495067,0
1.385,0,-2.480287,-4.295983,-4.960574,-4.295983,-2.480287,0
1.39,0,-2.455718,-4.253429,-4.911436,-4.253429,-2.455718,0
1.395,0,-2.421458,-4.194088,-4.842916,-4.194088,-2.421458,0
1.4,0,-2.377641,-4.118196,-4.755283,-4.118196,-2.377641,0
1.405,0,-2.324441,-4.02605,-4.648882,-4.02605,-2.324441,0
1.41,0,-2.262068,-3.918016,-4.524135,-3.918016,-2.262068,0
1.415,0,-2.190767,-3.794519,-4.381533,-3.794519,-2.190767,0
1.42,0,-2.11082,-3.656047,-4.22164,-3.656047,-2.11082,0
1.425,0,-2.022542,-3.503146,-4.045085,-3.503146,-2.022542,0
1.43,0,-1.926283,-3.33642,-3.852566,-3.33642,-1.926283,0
1.435,0,-1.822422,-3.156527,-3.644843,-3.156527,-1.822422,0
1.44,0,-1.711368,-2.964176,-3.422736,-2.964176,-1.711368,0
1.445,0,-1.59356,-2.760127,-3.18712,-2.760127,-1.59356,0
1.45,0,-1.469463,-2.545185,-2.938926,-2.545185,-1.469463,0
1.455,0,-1.339567,-2.320198,-2.679134,-2.320198,-1.339567,0
1.46,0,-1.204384,-2.086055,-2.408768,-2.086055,-1.204384,0
1.465,0,-1.064448,-1.843678,-2.128896,-1.843678,-1.064448,0
1.47,0,-0.920311,-1.594026,-1.840623,-1.594026,-0.920311,0
1.475,0,-0.772542,-1.338083,-1.545085,-1.338083,-0.772542,0
1.48,0,-0.621725,-1.076859,-1.243449,-1.076859,-0.621725,0
1.485,0,-0.468453,-0.811385,-0.936907,-0.811385,-0.468453,0
1.49,0,-0.313333,-0.542709,-0.626666,-0.542709,-0.313333,0
1.495,0,-0.156976,-0.271891,-0.313953,-0.271891,-0.156976,0
1.5,0,0,0,0,0,0,0
1.505,0,0.156976,0.271891,0.313953,0.271891,0.156976,0
1.51,0,0.313333,0.542709,0.626666,0.542709,0.313333,0
1.515,0,0.468453,0.811385,0.936907,0.811385,0.468453,0
1.52,0,0.621725,1.076859,1.243449,1.076859,0.621725,0
1.525,0,0.772542,1.338083,1.545085,1.338083,0.772542,0
1.53,0,0.920311,1.594026,1.840623,1.594026,0.920311,0
1.535,0,1.064448,1.843678,2.128896,1.843678,1.064448,0
1.54,0,1.204384,2.086055,2.408768,2.086055,1.204384,0
1.545,0,1.339567,2.320198,2.679134,2.320198,1.339567,0
1.55,0,1.469463,2.545185,2.938926,2.545185,1.469463,0
1.555,0,1.59356,2.760127,3.18712,2.760127,1.59356,0
1.56,0,1.711368,2.964176,3.422736,2.964176,1.711368,0
1.565,0,1.822422,3.156527,3.644843,3.156527,1.822422,0
1.57,0,1.926283,3.33642,3.852566,3.33642,1.926283,0
1.575,0,2.022542,3.503146,4.045085,3.503146,2.022542,0
1.58,0,2.11082,3.656047,4.22164,3.656047,2.11082,0
1.585,0,2.190767,3.794519,4.381533,3.794519,2.190767,0
1.59,0,2.262068,3.918016,4.524135,3.918016,2.262068,0
1.595,0,2.324441,4.02605,4.648882,4.02605,2.324441,0
1.6,0,2.377641,4.118196,4.755283,4.118196,2.377641,0
1.605,0,2.421458,4.194088,4.842916,4.194088,2.421458,0
1.61,0,2.455718,4.253429,4.911436,4.253429,2.455718,0
1.615,0,2.480287,4.295983,4.960574,4.295983,2.480287,0
1.62,0,2.495067,4.321583,4.990134,4.321583,2.495067,0
1.625,0,2.5,4.330127,5,4.330127,2.5,0
1.63,0,2.495067,4.321583,4.990134,4.321583,2.495067,0
1.635,0,2.480287,4.295983,4.960574,4.295983,2.480287,0
1.64,0,2.455718,4.253429,4.911436,4.253429,2.455718,0
1.645,0,2.421458,4.194088,4.842916,4.194088,2.421458,0
1.65,0,2.377641,4.118196,4.755283,4.118196,2.377641,0
1.655,0,2.324441,4.02605,4.648882,4.02605,2.324441,0
1.66,0,2.262068,3.918016,4.524135,3.918016,2.262068,0
1.665,0,2.190767,3.794519,4.381533,3.794519,2.190767,0
1.67,0,2.11082,3.656047,4.22164,3.656047,2.11082,0
1.675,0,2.022542,3.503146,4.045085,3.503146,2.022542,0
1.68,0,1.926283,3.33642,3.852566,3.33642,1.926283,0
1.685,0,1.822422,3.156527,3.644843,3.156527,1.822422,0
1.69,0,1.711368,2.964176,3.422736,2.964176,1.711368,0
1.695,0,1.59356,2.760127,3.18712,2.760127,1.59356,0
1.7,0,1.469463,2.545185,2.938926,2.545185,1.469463,0
1.705,0,1.339567,2.320198,2.679134,2.320198,1.339567,0
1.71,0,1.204384,2.086055,2.408768,2.086055,1.204384,0
1.715,0,1.064448,1.843678,2.128896,1.843678,1.064448,0
1.72,0,0.920311,1.594026,1.840623,1.594026,0.920311,0
1.725,0,0.772542,1.338083,1.545085,1.338083,0.772542,0
1.73,0,0.621725,1.076859,1.243449,1.076859,0.621725,0
1.735,0,0.468453,0.811385,0.936907,0.811385,0.468453,0
1.74,0,0.313333,0.542709,0.626666,0.542709,0.313333,0
1.745,0,0.156976,0.271891,0.313953,0.271891,0.156976,0
1.75,0,0,0,0,0,0,0
1.755,0,-0.156976,-0.271891,-0.313953,-0.271891,-0.156976,0
1.76,0,-0.313333,-0.542709,-0.626666,-0.542709,-0.313333,0
1.765,0,-0.468453,-0.811385,-0.936907,-0.811385,-0.468453,0
1.77,0,-0.621725,-1.076859,-1.243449,-1.076859,-0.621725,0
1.775,0,-0.772542,-1.338083,-1.545085,-1.338083,-0.772542,0
1.78,0,-0.920311,-1.594026,-1.840623,-1.594026,-0.920311,0
1.785,0,-1.064448,-1.843678,-2.128896,-1.843678,-1.064448,0
1.79,0,-1.204384,-2.086055,-2.408768,-2.086055,-1.204384,0
1.795,0,-1.339567,-2.320198,-2.679134,-2.320198,-1.339567,0
1.8,0,-1.469463,-2.545185,-2.938926,-2.545185,-1.469463,0
1.805,0,-1.59356,-2.760127,-3.18712,-2.760127,-1.59356,0
1.81,0,-1.711368,-2.964176,-3.422736,-2.964176,-1.711368,0
1.815,0,-1.822422,-3.156527,-3.644843,-3.156527,-1.822422,0
1.82,0,-1.926283,-3.33642,-3.852566,-3.33642,-1.926283,0
1.825,0,-2.022542,-3.503146,-4.045085,-3.503146,-2.022542,0
1.83,0,-2.11082,-3.656047,-4.22164,-3.656047,-2.11082,0
1.835,0,-2.190767,-3.794519,-4.381533,-3.794519,-2.190767,0
1.84,0,-2.262068,-3.918016,-4.524135,-3.918016,-2.262068,0
1.845,0,-2.324441,-4.02605,-4.648882,-4.02605,-2.324441,0
1.85,0,-2.377641,-4.118196,-4.755283,-4.118196,-2.377641,0
1.855,0,-2.421458,-4.194088,-4.842916,-4.194088,-2.421458,0
1.86,0,-2.455718,-4.253429,-4.911436,-4.253429,-2.455718,0
1.865,0,-2.480287,-4.295983,-4.960574,-4.295983,-2.480287,0
1.87,0,-2.495067,-4.321583,-4.990134,-4.321583,-2.495067,0
1.875,0,-2.5,-4.330127,-5,-4.330127,-2.5,0
1.88,0,-2.495067,-4.321583,-4.990134,-4.321583,-2.495067,0
1.885,0,-2.480287,-4.295983,-4.960574,-4.295983,-2.480287,0
1.89,0,-2.455718,-4.253429,-4.911436,-4.253429,-2.455718,0
1.895,0,-2.421458,-4.194088,-4.842916,-4.194088,-2.421458,0
1.9,0,-2.377641,-4.118196,-4.755283,-4.118196,-2.377641,0
1.905,0,-2.324441,-4.02605,-4.648882,-4.02605,-2.324441,0
1.91,0,-2.262068,-3.918016,-4.524135,-3.918016,-2.262068,0
1.915,0,-2.190767,-3.794519,-4.381533,-3.794519,-2.190767,0
1.92,0,-2.11082,-3.656047,-4.22164,-3.656047,-2.11082,0
1.925,0,-2.022542,-3.503146,-4.045085,-3.503146,-2.022542,0
1.93,0,-1.926283,-3.33642,-3.852566,-3.33642,-1.926283,0
1.935,0,-1.822422,-3.156527,-3.644843,-3.156527,-1.822422,0
1.94,0,-1.711368,-2.964176,-3.422736,-2.964176,-1.711368,0
1.945,0,-1.59356,-2.760127,-3.18712,-2.760127,-1.59356,0
1.95,0,-1.469463,-2.545185,-2.938926,-2.545185,-1.469463,0
1.955,0,-1.339567,-2.320198,-2.679134,-2.320198,-1.339567,0
1.96,0,-1.204384,-2.086055,-2.408768,-2.086055,-1.204384,0
1.965,0,-1.064448,-1.843678,-2.128896,-1.843678,-1.064448,0
1.97,0,-0.920311,-1.594026,-1.840623,-1.594026,-0.920311,0
1.975,0,-0.772542,-1.338083,-1.545085,-1.338083,-0.772542,0
1.98,0,-0.621725,-1.076859,-1.243449,-1.076859,-0.621725,0
1.985,0,-0.468453,-0.811385,-0.936907,-0.811385,-0.468453,0
1.99,0,-0.313333,-0.542709,-0.626666,-0.542709,-0.313333,0
1.995,0,-0.156976,-0.271891,-0.313953,-0.271891,-0.156976,0
2,0,0,0,0,0,0,0
2.005,0,0.156976,0.271891,0.313953,0.271891,0.156976,0
2.01,0,0.313333,0.542709,0.626666,0.542709,0.313333,0
2.015,0,0.468453,0.811385,0.936907,0.811385,0.468453,0
2.02,0,0.621725,1.076859,1.243449,1.076859,0.621725,0
2.025,0,0.772542,1.338083,1.545085,1.338083,0.772542,0
2.03,0,0.920311,1.594026,1.840623,1.594026,0.920311,0
2.035,0,1.064448,1.843678,2.128896,1.843678,1.064448,0
2.04,0,1.204384,2.086055,2.408768,2.086055,1.204384,0
2.045,0,1.339567,2.320198,2.679134,2.320198,1.339567,0
2.05,0,1.469463,2.545185,2.938926,2.545185,1.469463,0
2.055,0,1.59356,2.760127,3.18712,2.760127,1.59356,0
2.06,0,1.711368,2.964176,3.422736,2.964176,1.711368,0
2.065,0,1.822422,3.156527,3.644843,3.156527,1.822422,0
2.07,0,1.926283,3.33642,3.852566,3.33642,1.926283,0
2.075,0,2.022542,3.503146,4.045085,3.503146,2.022542,0
2.08,0,2.11082,3.656047,4.22164,3.656047,2.11082,0
2.085,0,2.190767,3.794519,4.381533,3.794519,2.190767,0
2.09,0,2.262068,3.918016,4.524135,3.918016,2.262068,0
2.095,0,2.324441,4.02605,4.648882,4.02605,2.324441,0
2.1,0,2.377641,4.118196,4.755283,4.118196,2.377641,0
2.105,0,2.421458,4.194088,4.842916,4.194088,2.421458,0
2.11,0,2.455718,4.253429,4.911436,4.253429,2.455718,0
2.115,0,2.480287,4.295983,4.960574,4.295983,2.480287,0
2.12,0,2.495067,4.321583,4.990134,4.321583,2.495067,0
2.125,0,2.5,4.330127,5,4.330127,2.5,0
2.13,0,2.495067,4.321583,4.990134,4.321583,2.495067,0
2.135,0,2.480287,4.295983,4.960574,4.295983,2.480287,0
2.14,0,2.455718,4.253429,4.911436,4.253429,2.455718,0
2.145,0,2.421458,4.194088,4.842916,4.194088,2.421458,0
2.15,0,2.377641,4.118196,4.755283,4.118196,2.377641,0
2.155,0,2.324441,4.02605,4.648882,4.02605,2.324441,0
2.16,0,2.262068,3.918016,4.524135,3.918016,2.262068,0
2.165,0,2.190767,3.794519,4.381533,3.794519,2.190767,0
2.17,0,2.11082,3.656047,4.22164,3.656047,2.11082,0
2.175,0,2.022542,3.503146,4.045085,3.503146,2.022542,0
2.18,0,1.926283,3.33642,3.852566,3.33642,1.926283,0
2.185,0,1.822422,3.156527,3.644843,3.156527,1.822422,0
2.19,0,1.711368,2.964176,3.422736,2.964176,1.711368,0
2.195,0,1.59356,2.760127,3.18712,2.760127,1.59356,0
2.2,0,1.469463,2.545185,2.938926,2.545185,1.469463,0
2.205,0,1.339567,2.320198,2.679134,2.320198,1.339567,0
2.21,0,1.204384,2.086055,2.408768,2.086055,1.204384,0
2.215,0,1.064448,1.843678,2.128896,1.843678,1.064448,0
2.22,0,0.920311,1.594026,1.840623,1.594026,0.920311,0
2.225,0,0.772542,1.338083,1.545085,1.338083,0.772542,0
2.23,0,0.621725,1.076859,1.243449,1.076859,0.621725,0
2.235,0,0.468453,0.811385,0.936907,0.811385,0.468453,0
2.24,0,0.313333,0.542709,0.626666,0.542709,0.313333,0
2.245,0,0.156976,0.271891,0.313953,0.271891,0.156976,0
2.25,0,0,0,0,0,0,0
2.255,0,-0.156976,-0.271891,-0.313953,-0.271891,-0.156976,0
2.26,0,-0.313333,-0.542709,-0.626666,-0.542709,-0.313333,0
2.265,0,-0.468453,-0.811385,-0.936907,-0.811385,-0.468453,0
2.27,0,-0.621725,-1.076859,-1.243449,-1.076859,-0.621725,0
2.275,0,-0.772542,-1.338083,-1.545085,-1.338083,-0.772542,0
2.28,0,-0.920311,-1.594026,-1.840623,-1.594026,-0.920311,0
2.285,0,-1.064448,-1.843678,-2.128896,-1.843678,-1.064448,0
2.29,0,-1.204384,-2.086055,-2.408768,-2.086055,-1.204384,0
2.295,0,-1.339567,-2.320198,-2.679134,-2.320198,-1.339567,0
2.3,0,-1.469463,-2.545185,-2.938926,-2.545185,-1.469463,0
2.305,0,-1.59356,-2.760127,-3.18712,-2.760127,-1.59356,0
2.31,0,-1.711368,-2.964176,-3.422736,-2.964176,-1.711368,0
2.315,0,-1.822422,-3.156527,-3.644843,-3.156527,-1.822422,0
2.32,0,-1.926283,-3.33642,-3.852566,-3.33642,-1.926283,0
2.325,0,-2.022542,-3.503146,-4.045085,-3.503146,-2.022542,0
2.33,0,-2.11082,-3.656047,-4.22164,-3.656047,-2.11082,0
2.335,0,-2.190767,-3.794519,-4.381533,-3.794519,-2.190767,0
2.34,0,-2.262068,-3.918016,-4.524135,-3.918016,-2.262068,0
2.345,0,-2.324441,-4.02605,-4.648882,-4.02605,-2.324441,0
2.35,0,-2.377641,-4.118196,-4.755283,-4.118196,-2.377641,0
2.355,0,-2.421458,-4.194088,-4.842916,-4.194088,-2.421458,0
2.36,0,-2.455718,-4.253429,-4.911436,-4.253429,-2.455718,0
2.365,0,-2.480287,-4.295983,-4.960574,-4.295983,-2.480287,0
2.37,0,-2.495067,-4.321583,-4.990134,-4.321583,-2.495067,0
2.375,0,-2.5,-4.330127,-5,-4.330127,-2.5,0
2.38,0,-2.495067,-4.321583,-4.990134,-4.321583,-2.495067,0
2.385,0,-2.480287,-4.295983,-4.960574,-4.295983,-2.480287,0
2.39,0,-2.455718,-4.253429,-4.911436,-4.253429,-2.455718,0
2.395,0,-2.421458,-4.194088,-4.842916,-4.194088,-2.421458,0
2.4,0,-2.377641,-4.118196,-4.755283,-4.118196,-2.377641,0
2.405,0,-2.324441,-4.02605,-4.648882,-4.02605,-2.324441,0
2.41,0,-2.262068,-3.918016,-4.524135,-3.918016,-2.262068,0
2.415,0,-2.190767,-3.794519,-4.381533,-3.794519,-2.190767,0
2.42,0,-2.11082,-3.656047,-4.22164,-3.656047,-2.11082,0
2.425,0,-2.022542,-3.503146,-4.045085,-3.503146,-2.022542,0
2.43,0,-1.926283,-3.33642,-3.852566,-3.33642,-1.926283,0
2.435,0,-1.822422,-3.156527,-3.644843,-3.156527,-1.822422,0
2.44,0,-1.711368,-2.964176,-3.422736,-2.964176,-1.711368,0
2.445,0,-1.59356,-2.760127,-3.18712,-2.760127,-1.59356,0
2.45,0,-1.469463,-2.545185,-2.938926,-2.545185,-1.469463,0
2.455,0,-1.339567,-2.320198,-2.679134,-2.320198,-1.339567,0
2.46,0,-1.204384,-2.086055,-2.408768,-2.086055,-1.204384,0
2.465,0,-1.064448,-1.843678,-2.128896,-1.843678,-1.064448,0
2.47,0,-0.920311,-1.594026,-1.840623,-1.594026,-0.920311,0
2.475,0,-0.772542,-1.338083,-1.545085,-1.338083,-0.772542,0
2.48,0,-0.621725,-1.076859,-1.243449,-1.076859,-0.621725,0
2.485,0,-0.468453,-0.811385,-0.936907,-0.811385,-0.468453,0
2.49,0,-0.313333,-0.542709,-0.626666,-0.542709,-0.313333,0
2.495,0,-0.156976,-0.271891,-0.313953,-0.271891,-0.156976,0
2.5,0,0,0,0,0,0,0
2.505,0,0.156976,0.271891,0.313953,0.271891,0.156976,0
2.51,0,0.313333,0.542709,0.626666,0.542709,0.313333,0
2.515,0,0.468453,0.811385,0.936907,0.811385,0.468453,0
2.52,0,0.621725,1.076859,1.243449,1.076859,0.621725,0
2.525,0,0.772542,1.338083,1.545085,1.338083,0.772542,0
2.53,0,0.920311,1.594026,1.840623,1.594026,0.920311,0
2.535,0,1.064448,1.843678,2.128896,1.843678,1.064448,0
2.54,0,1.204384,2.086055,2.408768,2.086055,1.204384,0
2.545,0,1.339567,2.320198,2.679134,2.320198,1.339567,0
2.55,0,1.469463,2.545185,2.938926,2.545185,1.469463,0
2.555,0,1.59356,2.760127,3.18712,2.760127,1.59356,0
2.56,0,1.711368,2.964176,3.422736,2.964176,1.711368,0
2.565,0,1.822422,3.156527,3.644843,3.156527,1.822422,0
2.57,0,1.926283,3.33642,3.852566,3.33642,1.926283,0
2.575,0,2.022542,3.503146,4.045085,3.503146,2.022542,0
2.58,0,2.11082,3.656047,4.22164,3.656047,2.11082,0
2.585,0,2.190767,3.794519,4.381533,3.794519,2.190767,0
2.59,0,2.262068,3.918016,4.524135,3.918016,2.262068,0
2.595,0,2.324441,4.02605,4.648882,4.02605,2.324441,0
2.6,0,2.377641,4.118196,4.755283,4.118196,2.377641,0
2.605,0,2.421458,4.194088,4.842916,4.194088,2.421458,0
2.61,0,2.455718,4.253429,4.911436,4.253429,2.455718,0
2.615,0,2.480287,4.295983,4.960574,4.295983,2.480287,0
2.62,0,2.495067,4.321583,4.990134,4.321583,2.495067,0
2.625,0,2.5,4.330127,5,4.330127,2.5,0
2.63,0,2.495067,4.321583,4.990134,4.321583,2.495067,0
2.635,0,2.480287,4.295983,4.960574,4.295983,2.480287,0
2.64,0,2.455718,4.253429,4.911436,4.253429,2.455718,0
2.645,0,2.421458,4.194088,4.842916,4.194088,2.421458,0
2.65,0,2.377641,4.118196,4.755283,4.118196,2.377641,0
2.655,0,2.324441,4.02605,4.648882,4.02605,2.324441,0
2.66,0,2.262068,3.918016,4.524135,3.918016,2.262068,0
2.665,0,2.190767,3.794519,4.381533,3.794519,2.190767,0
2.67,0,2.11082,3.656047,4.22164,3.656047,2.11082,0
2.675,0,2.022542,3.503146,4.045085,3.503146,2.022542,0
2.68,0,1.926283,3.33642,3.852566,3.33642,1.926283,0
2.685,0,1.822422,3.156527,3.644843,3.156527,1.822422,0
2.69,0,1.711368,2.964176,3.422736,2.964176,1.711368,0
2.695,0,1.59356,2.760127,3.18712,2.760127,1.59356,0
2.7,0,1.469463,2.545185,2.938926,2.545185,1.469463,0
2.705,0,1.339567,2.320198,2.679134,2.320198,1.339567,0
2.71,0,1.204384,2.086055,2.408768,2.086055,1.204384,0
2.715,0,1.064448,1.843678,2.128896,1.843678,1.064448,0
2.72,0,0.920311,1.594026,1.840623,1.594026,0.920311,0
2.725,0,0.772542,1.338083,1.545085,1.338083,0.772542,0
2.73,0,0.621725,1.076859,1.243449,1.076859,0.621725,0
2.735,0,0.468453,0.811385,0.936907,0.811385,0.468453,0
2.74,0,0.313333,0.542709,0.626666,0.542709,0.313333,0
2.745,0,0.156976,0.271891,0.313953,0.271891,0.156976,0
2.75,0,0,0,0,0,0,0
2.755,0,-0.156976,-0.271891,-0.313953,-0.271891,-0.156976,0
2.76,0,-0.313333,-0.542709,-0.626666,-0.542709,-0.313333,0
2.765,0,-0.468453,-0.811385,-0.936907,-0.811385,-0.468453,0
2.77,0,-0.621725,-1.076859,-1.243449,-1.076859,-0.621725,0
2.775,0,-0.772542,-1.338083,-1.545085,-1.338083,-0.772542,0
2.78,0,-0.920311,-1.594026,-1.840623,-1.594026,-0.920311,0
2.785,0,-1.064448,-1.843678,-2.128896,-1.843678,-1.064448,0
2.79,0,-1.204384,-2.086055,-2.408768,-2.086055,-1.204384,0
2.795,0,-1.339567,-2.320198,-2.679134,-2.320198,-1.339567,0
2.8,0,-1.469463,-2.545185,-2.938926,-2.545185,-1.469463,0
2.805,0,-1.59356,-2.760127,-3.18712,-2.760127,-1.59356,0
2.81,0,-1.711368,-2.964176,-3.422736,-2.964176,-1.711368,0
2.815,0,-1.822422,-3.156527,-3.644843,-3.156527,-1.822422,0
2.82,0,-1.926283,-3.33642,-3.852566,-3.33642,-1.926283,0
2.825,0,-2.022542,-3.503146,-4.045085,-3.503146,-2.022542,0
2.83,0,-2.11082,-3.656047,-4.22164,-3.656047,-2.11082,0
2.835,0,-2.190767,-3.794519,-4.381533,-3.794519,-2.190767,0
2.84,0,-2.262068,-3.918016,-4.524135,-3.918016,-2.262068,0
2.845,0,-2.324441,-4.02605,-4.648882,-4.02605,-2.324441,0
2.85,0,-2.377641,-4.118196,-4.755283,-4.118196,-2.377641,0
2.855,0,-2.421458,-4.194088,-4.842916,-4.194088,-2.421458,0
2.86,0,-2.455718,-4.253429,-4.911436,-4.253429,-2.455718,0
2.865,0,-2.480287,-4.295983,-4.960574,-4.295983,-2.480287,0
2.87,0,-2.495067,-4.321583,-4.990134,-4.321583,-2.495067,0
2.875,0,-2.5,-4.330127,-5,-4.330127,-2.5,0
2.88,0,-2.495067,-4.321583,-4.990134,-4.321583,-2.495067,0
2.885,0,-2.480287,-4.295983,-4.960574,-4.295983,-2.480287,0
2.89,0,-2.455718,-4.253429,-4.911436,-4.253429,-2.455718,0
2.895,0,-2.421458,-4.194088,-4.842916,-4.194088,-2.421458,0
2.9,0,-2.377641,-4.118196,-4.755283,-4.118196,-2.377641,0
2.905,0,-2.324441,-4.02605,-4.648882,-4.02605,-2.324441,0
2.91,0,-2.262068,-3.918016,-4.524135,-3.918016,-2.262068,0
2.915,0,-2.190767,-3.794519,-4.381533,-3.794519,-2.190767,0
2.92,0,-2.11082,-3.656047,-4.22164,-3.656047,-2.11082,0
2.925,0,-2.022542,-3.503146,-4.045085,-3.503146,-2.022542,0
2.93,0,-1.926283,-3.33642,-3.852566,-3.33642,-1.926283,0
2.935,0,-1.822422,-3.156527,-3.644843,-3.156527,-1.822422,0
2.94,0,-1.711368,-2.964176,-3.422736,-2.964176,-1.711368,0
2.945,0,-1.59356,-2.760127,-3.18712,-2.760127,-1.59356,0
2.95,0,-1.469463,-2.545185,-2.938926,-2.545185,-1.469463,0
2.955,0,-1.339567,-2.320198,-2.679134,-2.320198,-1.339567,0
2.96,0,-1.204384,-2.086055,-2.408768,-2.086055,-1.204384,0
2.965,0,-1.064448,-1.843678,-2.128896,-1.843678,-1.064448,0
2.97,0,-0.920311,-1.594026,-1.840623,-1.594026,-0.920311,0
2.975,0,-0.772542,-1.338083,-1.545085,-1.338083,-0.772542,0
2.98,0,-0.621725,-1.076859,-1.243449,-1.076859,-0.621725,0
2.985,0,-0.468453,-0.811385,-0.936907,-0.811385,-0.468453,0
2.99,0,-0.313333,-0.542709,-0.626666,-0.542709,-0.313333,0
2.995,0,-0.156976,-0.271891,-0.313953,-0.271891,-0.156976,0
3,0,0,0,0,0,0,0
